Business_ID,Business_Name,Industry,Country,State_Province,City,Event_Date,Year,Climate_Event,Severity,Temperature_Change_C,Rainfall_Deviation_Percent,Exposure_Score,Vulnerability_Score,Risk_Score,Risk_Level,Downtime_Days,Revenue_Loss_USD,Property_Damage_USD,Supply_Chain_Disruption,Employees_Affected,Recovery_Days,Risk_Mitigation_Investment_USD
B0001,ENER_0001,Energy,India,West Bengal,Kolkata,2020-09-06,2020,Cyclone,Critical,2.88,53.42,63.12,78.36,69,High,28,1390409.7,997622.5,High,185,49,89105.53
B0002,TRAN_0002,Transportation,India,Andhra Pradesh,Visakhapatnam,2020-04-18,2020,Storm,High,2.21,32.75,71.53,61.05,74,High,20,1177179.97,686667.5,High,212,38,166823.26
B0003,AGRI_0003,Agriculture,Australia,Victoria,Melbourne,2020-06-23,2020,Heatwave,Medium,1.74,-0.06,67.38,54.18,54,Medium,20,1132973.14,314635.99,Medium,161,46,149976.56
B0004,RETA_0004,Retail,United States,California,Los Angeles,2021-10-23,2021,Wildfire,Low,1.84,-18.29,71.33,36.96,50,Medium,6,641228.66,369725.67,Medium,92,11,92817.74
B0005,TRAN_0005,Transportation,Japan,Osaka,Osaka,2025-04-17,2025,Drought,Medium,2.03,-11.69,63.2,75.05,68,High,10,1002082.16,488002.92,High,187,15,147892.03
B0006,ENER_0006,Energy,India,West Bengal,Kolkata,2022-04-05,2022,Cyclone,Critical,2.65,43.23,74.39,71.74,64,High,30,1177874.12,782148.93,Medium,195,55,88607.72
B0007,ENER_0007,Energy,Germany,Berlin,Berlin,2022-02-10,2022,Cyclone,Low,0.88,-21.1,68.55,46.93,54,Medium,16,1121627.34,156409.61,Medium,137,31,110330.49
B0008,TECH_0008,Technology,Brazil,Bahia,Salvador,2022-07-05,2022,Wildfire,High,2.09,-16.04,56.4,67.24,58,Medium,13,838766.83,372761.39,Medium,101,28,87314.47
B0009,ENER_0009,Energy,United States,Texas,Houston,2021-08-23,2021,Flood,Low,1.78,20.94,52.63,53.63,43,Medium,14,608879.06,75924.64,Medium,141,28,63083.55
B0010,CONS_0010,Construction,United States,Texas,Houston,2024-10-08,2024,Flood,Medium,0.84,-3.75,58.99,58.1,54,Medium,14,913057.29,336868.59,Medium,91,37,65909.1
B0011,FINA_0011,Finance,United States,California,Los Angeles,2022-02-18,2022,Wildfire,High,2.19,-22.82,59.53,52.95,50,Medium,18,583273.38,189548.16,Medium,191,31,39892.84
B0012,CONS_0012,Construction,Brazil,Bahia,Salvador,2021-04-13,2021,Heatwave,Low,1.15,31.91,48.41,59.74,65,High,10,1089123.92,590937.2,Medium,185,22,48106.6
B0013,HEAL_0013,Healthcare,Germany,Hamburg,Hamburg,2026-03-01,2026,Heatwave,Critical,2.32,-38.94,99.43,71.17,81,Critical,24,836290.95,579799.53,High,186,40,26836.95
B0014,TECH_0014,Technology,India,Andhra Pradesh,Visakhapatnam,2020-12-04,2020,Heatwave,High,1.76,-25.9,73.17,55.34,54,Medium,8,702885.38,174842.25,Medium,150,17,72599.35
B0015,HEAL_0015,Healthcare,Japan,Osaka,Osaka,2026-12-14,2026,Storm,Medium,1.54,-21.34,71.66,63.8,59,Medium,11,1117121.11,821454.93,Medium,112,26,165015.0
B0016,MANU_0016,Manufacturing,India,West Bengal,Kolkata,2020-04-23,2020,Drought,High,3.06,-43.17,47.98,67.79,51,Medium,18,870860.62,149011.99,Medium,61,31,123576.99
B0017,CONS_0017,Construction,Brazil,Bahia,Salvador,2023-08-11,2023,Flood,Low,1.24,-19.79,84.49,44.67,60,Medium,13,918576.59,260335.51,Medium,86,31,51620.53
B0018,MANU_0018,Manufacturing,India,West Bengal,Kolkata,2024-10-12,2024,Cyclone,High,2.19,11.26,77.97,70.59,73,High,17,1200407.01,1037476.12,High,277,37,103285.56
B0019,HOSP_0019,Hospitality,Brazil,Rio de Janeiro,Rio de Janeiro,2020-01-12,2020,Flood,High,1.95,20.46,52.81,80.76,71,High,13,1064807.58,529149.76,High,170,25,114076.49
B0020,HOSP_0020,Hospitality,Brazil,Bahia,Salvador,2023-09-18,2023,Storm,Medium,1.65,-13.95,72.3,57.87,52,Medium,14,552920.79,305759.14,Medium,126,42,41210.0
B0021,ENER_0021,Energy,Germany,Hamburg,Hamburg,2025-04-13,2025,Storm,Medium,2.07,1.57,89.68,70.41,84,Critical,15,1401386.43,806673.21,High,149,32,171189.11
B0022,MANU_0022,Manufacturing,Japan,Osaka,Osaka,2025-07-27,2025,Drought,Low,0.75,-0.08,62.95,42.66,48,Medium,16,735160.44,91917.75,Medium,137,38,90001.91
B0023,RETA_0023,Retail,United States,Florida,Miami,2023-06-20,2023,Drought,Medium,1.86,11.24,69.61,67.28,79,High,4,1097385.95,123799.41,High,284,8,160380.99
B0024,ENER_0024,Energy,Japan,Tokyo,Tokyo,2022-10-22,2022,Wildfire,Critical,3.06,-49.38,81.99,65.48,71,High,27,1441473.64,557797.69,High,179,56,245657.38
B0025,ENER_0025,Energy,Australia,Victoria,Melbourne,2024-12-01,2024,Cyclone,Medium,2.33,-23.84,78.85,71.9,91,Critical,16,1862138.15,586785.99,High,236,19,138364.04
B0026,AGRI_0026,Agriculture,Germany,Hamburg,Hamburg,2023-07-26,2023,Heatwave,Medium,2.06,0.13,72.07,46.73,41,Medium,18,896157.87,469453.78,Medium,127,34,30782.96
B0027,AGRI_0027,Agriculture,United States,Florida,Miami,2025-03-01,2025,Flood,High,1.66,38.49,80.0,67.64,72,High,26,1167529.15,257681.42,High,60,37,197510.11
B0028,FINA_0028,Finance,Brazil,São Paulo,São Paulo,2024-06-02,2024,Storm,High,2.4,55.97,64.52,83.1,75,High,7,404169.52,132420.45,High,175,13,49200.18
B0029,MANU_0029,Manufacturing,Japan,Tokyo,Tokyo,2021-11-13,2021,Drought,Low,1.54,35.77,74.89,50.03,57,Medium,6,1039183.57,284150.22,Medium,173,11,78148.05
B0030,TRAN_0030,Transportation,Germany,Berlin,Berlin,2024-06-27,2024,Drought,Medium,1.26,2.0,73.35,62.2,69,High,23,1165407.17,496853.06,High,240,60,145902.41
B0031,RETA_0031,Retail,Brazil,Rio de Janeiro,Rio de Janeiro,2026-08-17,2026,Cyclone,Medium,1.77,16.15,63.25,58.09,73,High,16,993406.27,322088.06,High,174,27,147138.2
B0032,TRAN_0032,Transportation,United States,Texas,Houston,2023-07-11,2023,Heatwave,Medium,1.25,7.98,71.43,82.53,78,High,18,1264438.86,325205.04,High,225,37,197630.51
B0033,MANU_0033,Manufacturing,Germany,Bavaria,Munich,2023-03-21,2023,Heatwave,Medium,0.2,-13.78,46.77,59.54,39,Medium,9,839277.75,224921.03,Medium,33,30,150499.01
B0034,FINA_0034,Finance,United States,Texas,Houston,2022-02-20,2022,Cyclone,High,2.81,7.54,70.18,66.79,67,High,13,672498.9,244515.89,High,226,30,104815.99
B0035,ENER_0035,Energy,Germany,Hamburg,Hamburg,2025-05-10,2025,Flood,Medium,2.0,-4.7,70.33,68.06,80,High,15,1372715.37,657421.0,High,119,25,161934.81
B0036,AGRI_0036,Agriculture,India,Tamil Nadu,Chennai,2020-11-24,2020,Flood,Medium,1.87,15.02,71.72,62.77,65,High,17,1089969.59,571942.94,Medium,209,37,158366.19
B0037,HEAL_0037,Healthcare,Germany,Hamburg,Hamburg,2022-08-04,2022,Drought,Critical,2.24,-47.75,63.82,61.95,62,High,19,656169.71,485259.3,Medium,207,39,63800.1
B0038,HEAL_0038,Healthcare,Brazil,Rio de Janeiro,Rio de Janeiro,2024-05-08,2024,Flood,Low,0.78,-20.29,52.95,57.97,45,Medium,13,554622.4,206830.77,Medium,5,37,88750.8
B0039,TRAN_0039,Transportation,India,Andhra Pradesh,Visakhapatnam,2024-07-27,2024,Wildfire,Medium,2.09,0.35,88.08,48.01,67,High,23,932839.62,299675.48,High,148,34,164821.14
B0040,AGRI_0040,Agriculture,Japan,Tokyo,Tokyo,2025-03-16,2025,Flood,Low,0.65,-6.97,56.11,66.13,66,High,13,1339205.17,162478.47,High,188,16,214029.74
B0041,HEAL_0041,Healthcare,Germany,Hamburg,Hamburg,2026-03-03,2026,Wildfire,Low,0.84,-31.43,58.46,55.92,58,Medium,5,648982.15,151475.74,Medium,232,17,53349.39
B0042,HOSP_0042,Hospitality,Japan,Aichi,Nagoya,2022-06-12,2022,Storm,Medium,1.77,-1.07,65.32,60.23,54,Medium,16,584339.16,305817.06,Medium,261,37,29522.68
B0043,RETA_0043,Retail,India,Tamil Nadu,Chennai,2025-08-02,2025,Storm,High,2.09,46.83,69.06,91.92,80,High,22,1108088.88,603899.62,High,158,36,103115.72
B0044,CONS_0044,Construction,Australia,Victoria,Melbourne,2025-12-08,2025,Storm,Medium,1.32,-18.7,67.77,41.33,41,Medium,16,319538.35,172158.29,Medium,135,30,25043.45
B0045,HEAL_0045,Healthcare,United States,Florida,Miami,2020-07-08,2020,Storm,Medium,2.43,-3.26,66.75,72.12,74,High,16,831688.88,258872.67,High,236,30,144133.69
B0046,TRAN_0046,Transportation,Germany,Hamburg,Hamburg,2023-12-27,2023,Storm,Low,0.84,-16.03,53.83,47.73,34,Medium,6,599834.3,304616.17,Low,91,9,23441.09
B0047,AGRI_0047,Agriculture,Brazil,Bahia,Salvador,2023-05-07,2023,Heatwave,Medium,1.5,-22.4,68.59,74.22,64,High,17,1041616.36,120904.55,Medium,208,34,71925.99
B0048,HEAL_0048,Healthcare,Australia,Queensland,Brisbane,2021-11-20,2021,Drought,Medium,1.59,1.01,86.28,65.17,80,High,7,1027172.06,419075.29,High,236,9,32241.87
B0049,HOSP_0049,Hospitality,Brazil,São Paulo,São Paulo,2024-08-14,2024,Flood,Low,0.91,-14.79,78.0,43.43,45,Medium,9,963389.18,385773.36,Medium,108,27,161675.06
B0050,AGRI_0050,Agriculture,United States,California,Los Angeles,2024-01-11,2024,Storm,Critical,2.49,12.89,67.7,88.22,83,Critical,31,1647055.67,1170566.69,High,247,69,54114.22
B0051,ENER_0051,Energy,Germany,Bavaria,Munich,2022-09-24,2022,Wildfire,High,1.97,-21.44,76.81,88.26,83,Critical,23,1549048.7,771998.57,High,140,38,277221.92
B0052,TRAN_0052,Transportation,United States,California,Los Angeles,2020-02-25,2020,Cyclone,Critical,2.26,62.92,76.32,61.83,67,High,22,1201683.27,778603.81,High,79,35,77739.39
B0053,HOSP_0053,Hospitality,Brazil,Bahia,Salvador,2021-07-15,2021,Heatwave,Medium,1.39,0.55,73.3,79.44,84,Critical,13,1143134.01,499094.16,High,203,19,104247.21
B0054,MANU_0054,Manufacturing,Australia,Victoria,Melbourne,2026-02-20,2026,Wildfire,Medium,1.7,-6.12,72.03,49.09,56,Medium,21,642501.83,40071.47,Medium,154,34,90758.18
B0055,TRAN_0055,Transportation,Japan,Aichi,Nagoya,2023-02-22,2023,Wildfire,High,2.88,-21.68,64.72,58.27,58,Medium,26,939609.12,780261.59,Medium,159,64,83807.95
B0056,HEAL_0056,Healthcare,Brazil,Rio de Janeiro,Rio de Janeiro,2024-05-12,2024,Cyclone,High,2.21,-9.87,85.38,62.8,69,High,18,886286.39,434295.7,High,200,37,153535.61
B0057,RETA_0057,Retail,Germany,Bavaria,Munich,2024-11-10,2024,Flood,High,2.03,-9.06,83.72,50.45,62,High,13,859329.64,263022.99,Medium,206,28,40048.04
B0058,TECH_0058,Technology,United States,Florida,Miami,2022-04-25,2022,Flood,High,0.75,-5.67,76.46,78.62,69,High,7,732587.5,521302.33,High,158,9,89751.81
B0059,TRAN_0059,Transportation,Australia,New South Wales,Sydney,2023-02-03,2023,Flood,Medium,1.37,42.09,60.64,52.69,59,Medium,9,1020382.98,378521.63,Medium,247,23,167769.65
B0060,RETA_0060,Retail,Brazil,Bahia,Salvador,2021-08-06,2021,Cyclone,Critical,1.38,39.28,83.51,81.12,77,High,23,1201695.26,808493.86,High,274,54,205493.32
B0061,MANU_0061,Manufacturing,India,West Bengal,Kolkata,2021-06-13,2021,Wildfire,Medium,1.97,-24.72,73.72,60.88,67,High,15,1299796.13,902098.7,High,194,35,88357.14
B0062,MANU_0062,Manufacturing,Japan,Aichi,Nagoya,2020-01-10,2020,Cyclone,Critical,1.46,53.13,84.64,91.5,90,Critical,24,1030410.84,666077.59,High,27,50,173211.94
B0063,TRAN_0063,Transportation,Germany,Berlin,Berlin,2020-10-19,2020,Flood,Medium,1.55,-8.36,68.73,69.2,80,High,16,1303540.88,509801.89,High,130,26,128710.72
B0064,RETA_0064,Retail,Japan,Aichi,Nagoya,2021-06-12,2021,Cyclone,High,1.23,29.13,81.15,54.9,59,Medium,20,571223.69,324104.49,Medium,185,38,75238.22
B0065,TRAN_0065,Transportation,Brazil,Bahia,Salvador,2022-11-21,2022,Flood,Medium,1.86,18.8,76.0,59.97,63,High,19,1334155.51,846075.28,Medium,162,49,141874.26
B0066,CONS_0066,Construction,Germany,Hamburg,Hamburg,2022-05-10,2022,Heatwave,Medium,1.06,21.96,63.78,71.74,68,High,16,1032773.78,551113.57,High,200,38,151531.37
B0067,FINA_0067,Finance,Brazil,Bahia,Salvador,2021-02-25,2021,Heatwave,High,0.91,-19.35,69.71,73.56,74,High,11,711920.2,76936.08,High,172,27,88151.19
B0068,HEAL_0068,Healthcare,United States,Florida,Miami,2026-06-20,2026,Wildfire,Medium,2.17,8.57,74.57,54.64,63,High,15,902351.8,468710.62,Medium,116,28,112640.91
B0069,HOSP_0069,Hospitality,Germany,Berlin,Berlin,2026-12-09,2026,Heatwave,Critical,2.53,-33.87,84.0,58.56,68,High,22,780402.65,657460.06,High,187,61,92004.95
B0070,AGRI_0070,Agriculture,Brazil,Rio de Janeiro,Rio de Janeiro,2021-04-25,2021,Heatwave,High,1.89,-48.67,66.02,70.32,60,Medium,25,1143396.57,516884.51,Medium,100,60,67333.05
B0071,MANU_0071,Manufacturing,Brazil,São Paulo,São Paulo,2026-12-09,2026,Cyclone,High,2.33,20.02,76.68,67.93,74,High,20,1168750.03,275638.31,High,107,41,131867.42
B0072,TRAN_0072,Transportation,Brazil,São Paulo,São Paulo,2024-01-28,2024,Heatwave,High,2.26,-39.75,88.47,90.43,93,Critical,24,1684514.9,1007403.67,High,267,56,249509.64
B0073,CONS_0073,Construction,Germany,Hamburg,Hamburg,2022-04-07,2022,Wildfire,Medium,1.19,4.11,65.49,48.52,54,Medium,15,1059552.07,352270.68,Medium,168,32,31869.01
B0074,AGRI_0074,Agriculture,Germany,Bavaria,Munich,2025-05-19,2025,Storm,Low,1.28,8.19,85.01,57.82,68,High,3,1253538.99,230709.49,High,255,4,86015.08
B0075,TECH_0075,Technology,United States,New York,New York City,2025-06-09,2025,Drought,High,2.09,-2.67,49.73,59.24,55,Medium,15,516113.11,346274.67,Medium,207,35,26105.87
B0076,ENER_0076,Energy,Australia,Victoria,Melbourne,2023-03-25,2023,Heatwave,Medium,1.25,40.23,86.43,32.84,47,Medium,12,857308.77,108176.41,Medium,79,24,117091.16
B0077,TRAN_0077,Transportation,Australia,Queensland,Brisbane,2022-06-18,2022,Flood,High,2.43,10.6,61.78,68.8,54,Medium,17,984931.44,554166.7,Medium,76,36,39310.47
B0078,MANU_0078,Manufacturing,United States,Texas,Houston,2021-10-19,2021,Flood,High,1.39,8.32,81.11,68.07,84,Critical,24,1492518.27,1247122.64,High,322,46,92706.05
B0079,AGRI_0079,Agriculture,Brazil,São Paulo,São Paulo,2023-03-03,2023,Heatwave,Medium,1.59,-16.84,60.94,56.34,53,Medium,14,1078876.66,601060.13,Medium,119,46,48522.11
B0080,RETA_0080,Retail,India,West Bengal,Kolkata,2020-05-04,2020,Flood,High,1.71,35.07,89.65,67.32,86,Critical,17,952365.45,554096.86,High,259,41,143739.23
B0081,HOSP_0081,Hospitality,Brazil,São Paulo,São Paulo,2023-06-09,2023,Storm,Medium,1.18,35.3,69.79,66.95,62,High,13,1003228.61,679023.67,Medium,236,32,91595.18
B0082,AGRI_0082,Agriculture,Brazil,Rio de Janeiro,Rio de Janeiro,2024-10-27,2024,Wildfire,Critical,2.71,-36.69,76.69,56.83,72,High,35,1407295.61,628961.96,High,153,62,62196.79
B0083,TRAN_0083,Transportation,United States,Florida,Miami,2026-03-22,2026,Wildfire,Medium,1.49,2.71,68.16,62.4,59,Medium,18,1094033.2,737546.66,Medium,239,41,127834.09
B0084,MANU_0084,Manufacturing,Japan,Aichi,Nagoya,2020-11-16,2020,Drought,High,1.99,16.06,71.13,85.42,63,High,12,1074070.27,572028.7,Medium,95,32,123262.12
B0085,ENER_0085,Energy,India,Maharashtra,Mumbai,2021-06-07,2021,Flood,High,2.38,20.48,83.9,50.22,60,Medium,17,1118022.24,125562.41,Medium,195,28,198249.54
B0086,ENER_0086,Energy,Japan,Aichi,Nagoya,2022-02-12,2022,Storm,Medium,0.94,26.43,54.59,75.16,61,High,18,1401933.88,506056.7,Medium,184,41,76417.67
B0087,RETA_0087,Retail,Japan,Aichi,Nagoya,2020-01-17,2020,Cyclone,High,2.21,58.47,77.27,47.24,59,Medium,19,622535.1,401708.11,Medium,174,26,26215.13
B0088,ENER_0088,Energy,Australia,New South Wales,Sydney,2026-05-13,2026,Storm,High,1.95,20.45,78.88,76.41,73,High,18,1373526.52,488547.77,High,240,53,234022.98
B0089,CONS_0089,Construction,Germany,Hamburg,Hamburg,2020-11-27,2020,Flood,Low,1.17,-8.21,59.24,50.91,51,Medium,9,984196.72,0.0,Medium,189,18,171895.84
B0090,MANU_0090,Manufacturing,India,Andhra Pradesh,Visakhapatnam,2026-07-24,2026,Wildfire,High,2.74,2.07,83.7,75.16,67,High,20,1208411.29,627657.34,High,193,43,123790.57
B0091,HOSP_0091,Hospitality,Australia,New South Wales,Sydney,2021-05-04,2021,Cyclone,Medium,2.61,15.85,55.71,67.07,55,Medium,10,739866.33,355652.45,Medium,48,33,79434.53
B0092,CONS_0092,Construction,India,Tamil Nadu,Chennai,2026-07-02,2026,Storm,Medium,1.47,45.14,66.3,57.11,57,Medium,17,1030012.22,407799.3,Medium,183,37,164411.09
B0093,RETA_0093,Retail,Japan,Aichi,Nagoya,2023-03-12,2023,Cyclone,Low,1.77,1.58,75.4,56.26,63,High,7,1038927.94,353377.38,Medium,118,20,143669.21
B0094,RETA_0094,Retail,Australia,Victoria,Melbourne,2026-10-04,2026,Wildfire,Low,1.54,-13.03,44.12,58.98,51,Medium,6,506652.38,258013.39,Medium,105,6,32524.63
B0095,ENER_0095,Energy,Germany,Berlin,Berlin,2020-06-14,2020,Flood,Critical,2.37,77.14,71.63,72.47,75,High,27,1577577.19,878619.34,High,321,50,204106.05
B0096,ENER_0096,Energy,Brazil,Bahia,Salvador,2026-08-12,2026,Storm,Medium,1.67,-35.69,80.61,65.22,63,High,11,894356.68,373132.19,Medium,230,14,146856.21
B0097,TRAN_0097,Transportation,Germany,Bavaria,Munich,2025-02-08,2025,Flood,Critical,2.48,48.22,84.15,83.22,84,Critical,27,1258577.05,925747.04,High,139,59,95966.48
B0098,RETA_0098,Retail,United States,Texas,Houston,2023-02-02,2023,Wildfire,High,2.17,-23.81,60.5,72.1,58,Medium,18,687555.76,257882.49,Medium,230,29,61061.14
B0099,CONS_0099,Construction,Germany,Bavaria,Munich,2021-04-11,2021,Wildfire,Medium,0.71,-26.82,75.33,75.14,61,High,8,882018.52,558903.86,Medium,146,20,107630.49
B0100,HOSP_0100,Hospitality,India,Maharashtra,Mumbai,2026-05-13,2026,Wildfire,High,3.0,-37.27,88.13,66.48,61,High,20,944158.74,627078.47,Medium,100,44,140633.15
B0101,FINA_0101,Finance,India,West Bengal,Kolkata,2020-11-05,2020,Storm,High,1.22,11.96,76.59,64.14,79,High,9,532763.99,312580.36,High,225,9,91845.33
B0102,AGRI_0102,Agriculture,United States,New York,New York City,2025-09-06,2025,Flood,High,1.68,4.06,83.01,81.62,81,Critical,21,1394763.73,392026.56,High,156,43,97200.58
B0103,CONS_0103,Construction,India,Maharashtra,Mumbai,2025-10-18,2025,Cyclone,Medium,1.6,14.9,68.59,44.6,46,Medium,15,443371.89,203831.71,Medium,196,39,19222.97
B0104,HEAL_0104,Healthcare,Germany,Bavaria,Munich,2025-03-06,2025,Cyclone,Medium,1.84,9.29,56.93,55.58,46,Medium,5,493563.42,229770.94,Medium,156,12,33010.18
B0105,MANU_0105,Manufacturing,Brazil,Bahia,Salvador,2022-06-04,2022,Wildfire,Low,1.34,13.41,60.0,75.56,72,High,11,1142429.86,410565.79,High,174,23,196006.41
B0106,AGRI_0106,Agriculture,United States,California,Los Angeles,2021-08-12,2021,Storm,High,2.8,31.75,64.63,78.61,72,High,26,1390863.17,961461.16,High,59,60,222696.01
B0107,MANU_0107,Manufacturing,Japan,Tokyo,Tokyo,2024-02-04,2024,Drought,High,2.32,-46.86,86.76,46.95,71,High,20,964332.71,557431.33,High,53,39,101670.79
B0108,TRAN_0108,Transportation,Germany,Hamburg,Hamburg,2024-10-23,2024,Drought,Medium,2.06,-1.68,62.67,80.45,76,High,14,1024923.44,479075.2,High,100,28,182054.88
B0109,HEAL_0109,Healthcare,Australia,New South Wales,Sydney,2020-12-07,2020,Drought,Medium,1.57,-33.07,71.44,61.53,67,High,8,583792.14,246256.5,High,202,18,70612.24
B0110,ENER_0110,Energy,India,Maharashtra,Mumbai,2025-06-07,2025,Storm,Low,1.8,-24.63,51.45,51.71,60,Medium,9,1029252.57,362431.28,Medium,154,25,146623.06
B0111,TRAN_0111,Transportation,Japan,Tokyo,Tokyo,2025-11-09,2025,Storm,High,0.84,29.26,78.67,63.85,87,Critical,13,1255807.05,500674.9,High,229,29,127364.04
B0112,AGRI_0112,Agriculture,United States,Florida,Miami,2024-01-25,2024,Flood,Medium,1.98,-19.09,61.78,35.52,51,Medium,17,1018739.51,297917.67,Medium,113,28,44315.38
B0113,HEAL_0113,Healthcare,United States,Florida,Miami,2020-01-01,2020,Flood,Critical,2.06,61.46,67.46,66.62,67,High,18,818875.12,441302.02,High,98,36,82008.6
B0114,RETA_0114,Retail,India,Andhra Pradesh,Visakhapatnam,2025-06-05,2025,Cyclone,Medium,2.13,-8.94,86.48,68.49,67,High,14,787200.54,357379.15,High,150,24,131044.88
B0115,CONS_0115,Construction,India,Maharashtra,Mumbai,2022-07-08,2022,Drought,Medium,1.61,-25.9,95.96,50.1,71,High,10,1037237.62,214928.21,High,128,17,65714.39
B0116,AGRI_0116,Agriculture,Japan,Tokyo,Tokyo,2025-11-24,2025,Wildfire,Medium,1.12,22.32,63.33,66.04,55,Medium,24,1113287.38,172643.64,Medium,162,56,45397.13
B0117,ENER_0117,Energy,Australia,New South Wales,Sydney,2022-06-16,2022,Cyclone,Critical,1.39,39.14,92.06,56.0,74,High,32,1339814.32,839784.41,High,176,50,154745.12
B0118,RETA_0118,Retail,Australia,Victoria,Melbourne,2026-05-18,2026,Flood,Low,1.84,-50.15,69.06,51.94,56,Medium,8,821555.27,252544.97,Medium,155,8,52244.22
B0119,HEAL_0119,Healthcare,Germany,Bavaria,Munich,2024-07-22,2024,Heatwave,Medium,2.02,11.49,79.94,67.79,71,High,3,1048759.3,538559.41,High,137,15,186514.67
B0120,CONS_0120,Construction,Brazil,Rio de Janeiro,Rio de Janeiro,2026-12-08,2026,Storm,High,1.71,25.2,60.34,74.89,72,High,20,1107194.11,834370.64,High,138,42,64556.98
B0121,CONS_0121,Construction,Japan,Aichi,Nagoya,2020-10-28,2020,Cyclone,Medium,1.6,23.79,64.14,72.1,64,High,15,1132817.15,547176.8,Medium,132,29,60389.99
B0122,ENER_0122,Energy,Japan,Osaka,Osaka,2023-05-03,2023,Heatwave,Medium,1.4,-15.09,81.04,68.47,75,High,16,1301883.27,572701.81,High,242,38,156114.06
B0123,HOSP_0123,Hospitality,Brazil,Bahia,Salvador,2026-06-22,2026,Cyclone,Medium,1.78,-23.1,49.24,72.12,71,High,11,724066.04,322580.48,High,127,25,99020.28
B0124,RETA_0124,Retail,Australia,Queensland,Brisbane,2023-09-07,2023,Storm,High,2.3,22.66,70.55,60.34,54,Medium,17,566139.61,219479.29,Medium,207,32,95532.87
B0125,TRAN_0125,Transportation,Japan,Aichi,Nagoya,2025-12-06,2025,Flood,High,1.84,-1.39,64.38,76.53,74,High,9,772855.12,291065.87,High,249,29,31882.28
B0126,FINA_0126,Finance,Brazil,Bahia,Salvador,2025-09-15,2025,Heatwave,Medium,2.33,-28.3,54.44,51.92,45,Medium,11,165875.83,53885.33,Medium,81,29,26363.34
B0127,RETA_0127,Retail,Japan,Osaka,Osaka,2024-08-14,2024,Storm,Medium,2.68,6.02,69.89,45.94,41,Medium,10,468425.87,109546.77,Medium,72,10,34086.58
B0128,HEAL_0128,Healthcare,Brazil,Rio de Janeiro,Rio de Janeiro,2025-04-24,2025,Flood,Medium,1.31,13.73,79.65,45.86,59,Medium,9,643426.49,224388.01,Medium,146,22,46963.1
B0129,TECH_0129,Technology,Australia,Queensland,Brisbane,2023-07-08,2023,Cyclone,High,2.09,14.91,75.01,88.36,72,High,15,746590.97,575632.77,High,215,18,64711.26
B0130,TRAN_0130,Transportation,United States,New York,New York City,2024-08-15,2024,Heatwave,Low,1.56,17.47,54.54,47.42,41,Medium,12,769749.07,370426.87,Medium,125,30,96105.68
B0131,CONS_0131,Construction,United States,New York,New York City,2022-06-27,2022,Storm,Low,2.25,-3.14,66.77,39.24,59,Medium,9,1139067.62,478546.91,Medium,90,13,56541.26
B0132,MANU_0132,Manufacturing,Japan,Tokyo,Tokyo,2026-10-15,2026,Wildfire,Medium,0.94,6.17,60.83,71.46,70,High,15,1189489.48,457877.58,High,110,26,188321.53
B0133,HEAL_0133,Healthcare,Brazil,Rio de Janeiro,Rio de Janeiro,2021-03-20,2021,Drought,Critical,2.65,-1.5,73.99,74.98,79,High,16,800445.32,504702.15,High,254,40,80025.63
B0134,HEAL_0134,Healthcare,United States,California,Los Angeles,2025-04-06,2025,Flood,Medium,1.43,-27.58,69.98,46.9,62,High,6,1199615.76,555975.37,Medium,198,23,163812.19
B0135,ENER_0135,Energy,Australia,Victoria,Melbourne,2023-02-04,2023,Storm,Medium,0.69,0.29,65.04,62.45,70,High,16,1245599.36,418412.37,High,106,37,43498.2
B0136,TECH_0136,Technology,Japan,Osaka,Osaka,2021-06-11,2021,Heatwave,Medium,1.63,-12.42,42.88,48.4,48,Medium,11,539767.21,313892.61,Medium,178,16,41663.14
B0137,MANU_0137,Manufacturing,India,West Bengal,Kolkata,2023-11-05,2023,Wildfire,High,1.64,-6.11,74.89,80.1,83,Critical,17,1596523.93,852062.54,High,118,22,232339.0
B0138,FINA_0138,Finance,Australia,Victoria,Melbourne,2024-05-03,2024,Wildfire,Critical,2.37,-32.13,81.29,76.58,82,Critical,16,746907.59,396490.17,High,213,35,70131.37
B0139,FINA_0139,Finance,Germany,Bavaria,Munich,2023-04-11,2023,Drought,Medium,1.84,-18.38,71.07,88.18,76,High,9,647700.29,530021.0,High,176,28,33237.12
B0140,TRAN_0140,Transportation,Japan,Aichi,Nagoya,2021-04-17,2021,Drought,High,1.82,-17.71,72.61,65.58,87,Critical,22,1320860.44,419792.71,High,272,39,90853.51
B0141,HEAL_0141,Healthcare,India,Tamil Nadu,Chennai,2021-11-08,2021,Flood,Critical,2.62,67.45,82.74,62.98,76,High,15,776406.97,630216.14,High,232,28,36571.0
B0142,CONS_0142,Construction,United States,California,Los Angeles,2026-04-10,2026,Drought,Medium,1.49,34.18,55.82,59.6,49,Medium,16,890404.3,435310.76,Medium,170,34,114255.71
B0143,FINA_0143,Finance,Australia,Queensland,Brisbane,2022-11-14,2022,Storm,High,1.07,21.75,68.13,91.64,84,Critical,13,537128.27,265408.5,High,224,21,66626.92
B0144,HEAL_0144,Healthcare,India,Maharashtra,Mumbai,2022-12-22,2022,Heatwave,Medium,2.08,13.63,69.84,69.36,77,High,10,994148.35,504482.65,High,175,19,98178.56
B0145,AGRI_0145,Agriculture,India,Andhra Pradesh,Visakhapatnam,2024-10-01,2024,Drought,Low,1.44,22.43,55.96,39.79,47,Medium,8,811643.47,88924.87,Medium,146,20,129093.42
B0146,ENER_0146,Energy,Japan,Aichi,Nagoya,2022-11-10,2022,Cyclone,Medium,1.28,-20.09,87.74,52.69,61,High,16,991124.02,339563.87,Medium,231,33,75468.42
B0147,ENER_0147,Energy,Japan,Tokyo,Tokyo,2024-01-26,2024,Flood,High,2.12,44.52,87.74,57.22,70,High,25,1430067.93,392780.88,High,202,33,235557.95
B0148,CONS_0148,Construction,India,Tamil Nadu,Chennai,2020-01-06,2020,Wildfire,Medium,2.0,12.35,74.48,73.76,78,High,14,1163177.81,549539.02,High,141,17,80735.52
B0149,HEAL_0149,Healthcare,Australia,Victoria,Melbourne,2020-07-12,2020,Heatwave,Low,1.85,-16.45,78.57,55.67,73,High,9,940951.39,407477.02,High,315,24,52267.84
B0150,MANU_0150,Manufacturing,Australia,Victoria,Melbourne,2025-01-21,2025,Drought,Medium,1.46,2.65,79.88,97.34,84,Critical,13,1306466.68,310019.66,High,62,26,195093.14
B0151,MANU_0151,Manufacturing,Brazil,Rio de Janeiro,Rio de Janeiro,2022-02-17,2022,Drought,Critical,2.18,-28.45,82.1,93.69,88,Critical,27,1396757.18,908446.43,High,346,56,110392.36
B0152,HEAL_0152,Healthcare,Germany,Hamburg,Hamburg,2021-01-05,2021,Wildfire,Medium,1.43,-2.48,42.12,80.61,64,High,15,559123.88,248494.66,Medium,168,25,99567.63
B0153,HEAL_0153,Healthcare,United States,Florida,Miami,2025-08-10,2025,Wildfire,Low,1.69,23.19,39.09,53.05,52,Medium,4,562234.54,324895.81,Medium,185,10,80377.61
B0154,HOSP_0154,Hospitality,Germany,Berlin,Berlin,2025-07-16,2025,Cyclone,Medium,2.42,25.15,72.64,78.42,86,Critical,19,1163660.24,563165.21,High,358,32,127008.23
B0155,HOSP_0155,Hospitality,India,Andhra Pradesh,Visakhapatnam,2020-03-22,2020,Storm,Low,1.76,-42.59,82.86,52.09,48,Medium,11,738394.65,215532.34,Medium,120,19,57867.62
B0156,ENER_0156,Energy,Germany,Hamburg,Hamburg,2026-03-19,2026,Heatwave,Medium,1.46,-7.3,82.23,64.12,58,Medium,19,1123319.89,267076.62,Medium,93,27,131930.26
B0157,HEAL_0157,Healthcare,Germany,Berlin,Berlin,2021-08-08,2021,Drought,High,1.15,-45.94,63.36,46.08,55,Medium,13,617142.77,200765.11,Medium,237,13,95111.65
B0158,TRAN_0158,Transportation,Germany,Berlin,Berlin,2024-09-13,2024,Storm,Medium,1.39,4.7,40.82,39.7,38,Medium,21,705140.52,424199.89,Medium,229,39,45993.51
B0159,TECH_0159,Technology,Brazil,São Paulo,São Paulo,2025-05-24,2025,Cyclone,Critical,2.69,59.75,67.25,59.52,64,High,19,658516.97,447996.56,Medium,117,38,69006.0
B0160,MANU_0160,Manufacturing,Germany,Bavaria,Munich,2024-06-24,2024,Drought,Critical,1.4,-70.5,72.33,70.66,75,High,22,1258438.92,952347.51,High,161,41,81685.05
B0161,HEAL_0161,Healthcare,United States,New York,New York City,2026-07-28,2026,Flood,Medium,1.23,5.66,63.46,78.69,76,High,11,853015.1,389396.59,High,229,21,104939.62
B0162,ENER_0162,Energy,United States,California,Los Angeles,2024-01-27,2024,Drought,Low,1.36,26.68,53.18,61.53,57,Medium,11,1076565.75,495362.97,Medium,231,23,60222.12
B0163,CONS_0163,Construction,Japan,Tokyo,Tokyo,2021-06-04,2021,Heatwave,Medium,2.14,23.39,42.44,56.38,58,Medium,17,1097800.25,532105.56,Medium,224,37,117998.35
B0164,ENER_0164,Energy,Japan,Aichi,Nagoya,2022-09-03,2022,Heatwave,Low,1.25,44.08,66.34,69.16,68,High,9,1457399.1,593807.37,High,85,21,70455.67
B0165,HEAL_0165,Healthcare,India,West Bengal,Kolkata,2022-01-21,2022,Flood,High,1.91,43.82,72.91,62.67,74,High,12,978329.29,520023.84,High,200,34,163378.79
B0166,MANU_0166,Manufacturing,United States,Texas,Houston,2022-07-27,2022,Cyclone,Critical,2.57,14.78,83.64,71.73,82,Critical,25,1303216.3,1226606.92,High,114,46,212420.13
B0167,TRAN_0167,Transportation,Brazil,Bahia,Salvador,2020-04-04,2020,Cyclone,High,1.53,28.62,83.82,88.56,96,Critical,22,1759223.49,1390365.42,High,303,44,200650.14
B0168,HEAL_0168,Healthcare,Australia,New South Wales,Sydney,2022-12-03,2022,Flood,Medium,1.18,22.42,86.43,63.88,73,High,13,741933.72,464031.18,High,266,22,106836.79
B0169,TECH_0169,Technology,Brazil,Rio de Janeiro,Rio de Janeiro,2025-11-10,2025,Storm,Medium,2.3,10.16,72.46,68.41,64,High,18,754949.61,81554.61,Medium,125,40,86683.23
B0170,RETA_0170,Retail,Germany,Berlin,Berlin,2021-09-12,2021,Wildfire,High,2.41,-30.85,76.21,83.23,73,High,12,1065325.92,264139.14,High,98,25,95662.78
B0171,HEAL_0171,Healthcare,Australia,New South Wales,Sydney,2020-06-22,2020,Drought,Medium,2.41,-18.7,88.64,52.6,64,High,17,709196.29,262101.95,Medium,245,37,48415.91
B0172,TRAN_0172,Transportation,Germany,Berlin,Berlin,2026-01-25,2026,Flood,Medium,1.2,-12.22,82.43,79.6,78,High,14,1202221.73,605264.82,High,196,34,120535.71
B0173,HEAL_0173,Healthcare,Japan,Aichi,Nagoya,2023-08-23,2023,Heatwave,Low,1.27,20.1,51.06,30.83,48,Medium,4,536112.27,190732.29,Medium,83,12,44653.99
B0174,AGRI_0174,Agriculture,Brazil,Bahia,Salvador,2021-11-22,2021,Cyclone,High,2.24,20.69,75.18,65.91,68,High,23,1396659.38,1041874.47,High,154,41,152855.69
B0175,MANU_0175,Manufacturing,United States,California,Los Angeles,2022-11-15,2022,Drought,Low,0.41,-11.03,61.09,70.84,61,High,4,771528.49,203946.78,Medium,234,13,32495.09
B0176,HOSP_0176,Hospitality,United States,California,Los Angeles,2025-07-20,2025,Cyclone,Critical,2.43,41.83,84.69,76.59,82,Critical,18,998693.36,726916.8,High,275,43,155963.95
B0177,TECH_0177,Technology,Germany,Hamburg,Hamburg,2021-11-05,2021,Flood,High,2.09,48.22,72.85,51.48,60,Medium,12,639287.91,431254.94,Medium,102,27,39952.31
B0178,ENER_0178,Energy,India,West Bengal,Kolkata,2024-07-27,2024,Heatwave,Medium,1.48,-21.0,66.72,88.64,69,High,12,1517612.74,476953.59,High,180,17,220902.66
B0179,MANU_0179,Manufacturing,Australia,Victoria,Melbourne,2023-08-18,2023,Cyclone,Low,1.16,-44.14,42.43,71.15,66,High,14,1084983.64,480059.47,High,196,26,78531.29
B0180,TRAN_0180,Transportation,India,West Bengal,Kolkata,2023-10-09,2023,Heatwave,Critical,1.41,-4.45,87.75,87.24,82,Critical,19,1483369.1,711927.12,High,172,35,144898.9
B0181,TECH_0181,Technology,Japan,Osaka,Osaka,2022-08-27,2022,Wildfire,High,2.25,-0.81,68.62,100.0,89,Critical,10,702619.66,532804.37,High,189,26,27845.75
B0182,FINA_0182,Finance,Japan,Tokyo,Tokyo,2022-04-13,2022,Wildfire,Medium,1.55,6.32,63.36,78.73,71,High,5,764305.6,396758.07,High,217,10,34881.02
B0183,HOSP_0183,Hospitality,Australia,New South Wales,Sydney,2024-07-09,2024,Flood,Medium,1.41,5.13,70.05,85.14,64,High,14,840850.35,279080.66,Medium,147,20,45641.7
B0184,MANU_0184,Manufacturing,Brazil,São Paulo,São Paulo,2023-06-16,2023,Heatwave,Medium,0.85,40.89,50.26,67.79,64,High,11,1062560.0,774698.81,Medium,276,24,45972.52
B0185,AGRI_0185,Agriculture,Australia,Victoria,Melbourne,2023-06-04,2023,Heatwave,Medium,1.35,-22.81,75.4,68.1,79,High,18,1647159.63,826826.82,High,244,36,86274.31
B0186,TRAN_0186,Transportation,Australia,New South Wales,Sydney,2024-04-05,2024,Flood,Medium,1.24,-21.44,85.92,81.69,85,Critical,12,1385847.4,582346.57,High,198,37,183763.39
B0187,AGRI_0187,Agriculture,Australia,New South Wales,Sydney,2023-08-17,2023,Cyclone,High,0.88,1.2,92.1,71.94,85,Critical,16,1425207.64,208638.64,High,223,29,216961.34
B0188,RETA_0188,Retail,United States,New York,New York City,2021-02-10,2021,Drought,Medium,1.27,3.59,77.78,76.73,77,High,13,1007498.5,328449.57,High,181,31,32009.6
B0189,ENER_0189,Energy,United States,Florida,Miami,2024-12-26,2024,Storm,High,1.8,25.74,85.5,71.72,71,High,25,1080524.91,725377.99,High,156,46,183245.29
B0190,TRAN_0190,Transportation,India,West Bengal,Kolkata,2025-09-20,2025,Cyclone,High,2.46,12.0,96.41,69.89,66,High,22,1346388.04,1100095.66,High,119,58,72773.24
B0191,ENER_0191,Energy,United States,California,Los Angeles,2020-04-26,2020,Wildfire,High,0.63,-51.81,77.07,53.14,61,High,19,1303227.73,883131.5,Medium,122,45,55611.51
B0192,FINA_0192,Finance,Japan,Osaka,Osaka,2024-04-03,2024,Drought,Low,0.78,25.59,64.04,49.69,55,Medium,6,554620.11,243026.34,Medium,215,27,36161.7
B0193,HEAL_0193,Healthcare,Australia,New South Wales,Sydney,2020-07-05,2020,Wildfire,Medium,0.88,21.38,70.12,63.9,80,High,6,1005665.33,266471.99,High,207,15,136684.79
B0194,ENER_0194,Energy,United States,California,Los Angeles,2020-07-18,2020,Storm,Low,1.32,12.81,63.38,51.11,57,Medium,12,1041743.34,205934.12,Medium,281,21,132579.78
B0195,ENER_0195,Energy,India,West Bengal,Kolkata,2023-08-06,2023,Drought,Medium,1.3,-25.78,87.78,67.59,86,Critical,19,1530143.67,1266561.25,High,192,50,213828.48
B0196,AGRI_0196,Agriculture,India,Andhra Pradesh,Visakhapatnam,2020-01-23,2020,Heatwave,Critical,3.5,-42.36,100.0,56.98,74,High,27,1555549.08,822618.87,High,233,39,228880.15
B0197,TRAN_0197,Transportation,Germany,Hamburg,Hamburg,2023-06-21,2023,Heatwave,Low,1.73,-12.45,68.29,31.32,39,Medium,16,590670.61,163513.14,Medium,116,36,102721.69
B0198,FINA_0198,Finance,Japan,Aichi,Nagoya,2024-07-10,2024,Heatwave,High,1.94,-36.02,78.04,79.69,82,Critical,10,548272.33,260177.29,High,279,22,71823.26
B0199,CONS_0199,Construction,Germany,Bavaria,Munich,2026-04-23,2026,Heatwave,Low,1.12,-0.09,80.83,70.45,68,High,6,1021323.7,104789.03,High,155,15,37220.76
B0200,FINA_0200,Finance,United States,Texas,Houston,2025-07-02,2025,Drought,High,1.21,-6.13,70.27,65.55,69,High,12,458951.93,294706.02,High,193,41,72865.58
B0201,HEAL_0201,Healthcare,United States,Florida,Miami,2022-05-23,2022,Flood,Medium,1.76,22.45,63.15,47.09,55,Medium,9,808398.9,152292.65,Medium,101,17,97105.47
B0202,ENER_0202,Energy,India,Andhra Pradesh,Visakhapatnam,2020-07-03,2020,Heatwave,Low,1.89,10.73,50.14,75.97,59,Medium,19,941097.52,200921.57,Medium,202,43,99836.45
B0203,FINA_0203,Finance,Japan,Aichi,Nagoya,2025-03-01,2025,Heatwave,Medium,1.06,2.0,83.34,80.51,87,Critical,9,607237.37,224628.29,High,176,26,53563.21
B0204,TRAN_0204,Transportation,India,Maharashtra,Mumbai,2020-07-27,2020,Drought,Low,1.1,-8.25,63.24,63.27,58,Medium,12,889547.79,281835.23,Medium,123,31,73614.85
B0205,CONS_0205,Construction,United States,California,Los Angeles,2024-02-24,2024,Wildfire,High,2.12,-15.13,64.24,66.54,67,High,18,1200092.24,560437.13,High,275,40,157903.81
B0206,RETA_0206,Retail,Germany,Berlin,Berlin,2024-03-13,2024,Heatwave,Medium,1.36,2.13,100.0,58.47,66,High,9,944500.05,469759.73,High,212,20,108093.2
B0207,FINA_0207,Finance,Germany,Hamburg,Hamburg,2026-07-09,2026,Heatwave,Low,0.87,-14.96,75.47,54.01,69,High,1,612317.97,257406.06,High,202,12,46727.38
B0208,TRAN_0208,Transportation,Australia,Queensland,Brisbane,2020-02-20,2020,Heatwave,Low,1.89,-11.43,55.07,53.26,44,Medium,5,792938.08,75323.58,Medium,120,8,100107.69
B0209,TRAN_0209,Transportation,Germany,Hamburg,Hamburg,2021-06-12,2021,Wildfire,High,1.97,-7.33,87.0,75.48,78,High,22,1443132.42,561086.72,High,203,46,62813.49
B0210,AGRI_0210,Agriculture,Japan,Tokyo,Tokyo,2022-09-17,2022,Cyclone,High,1.54,23.87,100.0,84.12,100,Critical,23,1568381.93,836598.08,High,217,34,282169.69
B0211,HEAL_0211,Healthcare,India,Tamil Nadu,Chennai,2021-01-14,2021,Flood,Low,1.92,-30.35,50.85,66.81,56,Medium,10,819192.27,385961.39,Medium,89,30,62818.5
B0212,MANU_0212,Manufacturing,Japan,Tokyo,Tokyo,2023-02-23,2023,Storm,High,2.17,13.35,57.55,81.24,71,High,25,974225.35,644355.9,High,165,49,82812.21
B0213,HEAL_0213,Healthcare,United States,Texas,Houston,2025-04-26,2025,Drought,High,1.84,-23.19,93.09,61.12,78,High,4,892043.66,303446.88,High,261,11,31159.22
B0214,RETA_0214,Retail,Japan,Osaka,Osaka,2020-03-14,2020,Storm,Medium,1.0,24.32,59.55,56.7,70,High,15,1103177.05,291467.27,High,239,28,87755.18
B0215,HEAL_0215,Healthcare,Japan,Aichi,Nagoya,2022-06-01,2022,Drought,Low,1.83,29.57,56.75,63.56,63,High,7,804231.12,326956.68,Medium,281,14,128629.82
B0216,CONS_0216,Construction,Brazil,Rio de Janeiro,Rio de Janeiro,2023-07-20,2023,Drought,Low,1.03,32.43,58.42,50.92,58,Medium,9,1109618.19,513605.79,Medium,148,22,45735.39
B0217,MANU_0217,Manufacturing,Germany,Bavaria,Munich,2025-01-15,2025,Wildfire,High,1.8,-18.99,77.16,77.51,77,High,18,1277848.68,614974.56,High,95,35,136315.71
B0218,MANU_0218,Manufacturing,Brazil,Rio de Janeiro,Rio de Janeiro,2022-06-18,2022,Cyclone,Medium,1.95,-11.51,64.57,73.83,81,Critical,18,1300144.91,576866.74,High,217,27,210325.51
B0219,AGRI_0219,Agriculture,Germany,Hamburg,Hamburg,2021-07-26,2021,Wildfire,High,2.24,-43.07,66.29,64.28,58,Medium,24,781617.92,411358.82,Medium,106,47,126501.21
B0220,HEAL_0220,Healthcare,Brazil,São Paulo,São Paulo,2024-04-10,2024,Flood,High,1.86,29.07,55.31,48.3,47,Medium,15,707281.79,309252.06,Medium,80,27,105227.33
B0221,AGRI_0221,Agriculture,United States,Texas,Houston,2022-04-21,2022,Wildfire,Low,1.66,-4.27,57.74,38.96,43,Medium,7,742398.17,88362.82,Medium,156,7,70416.7
B0222,HOSP_0222,Hospitality,Germany,Hamburg,Hamburg,2026-04-16,2026,Cyclone,Critical,1.22,8.6,70.19,88.37,69,High,17,1250418.18,833175.84,High,179,40,61733.71
B0223,TECH_0223,Technology,Japan,Aichi,Nagoya,2022-05-12,2022,Wildfire,High,2.19,-10.55,75.39,82.27,79,High,11,624983.87,621296.8,High,224,32,108660.32
B0224,FINA_0224,Finance,Brazil,Rio de Janeiro,Rio de Janeiro,2026-06-26,2026,Flood,Critical,2.34,46.15,80.04,54.87,69,High,10,543135.15,501858.13,High,290,23,51515.71
B0225,CONS_0225,Construction,Germany,Bavaria,Munich,2026-06-14,2026,Flood,High,1.53,20.9,73.3,48.94,64,High,27,1251269.88,419427.68,Medium,183,58,139660.13
B0226,HOSP_0226,Hospitality,India,Tamil Nadu,Chennai,2021-08-14,2021,Cyclone,Medium,2.23,14.91,74.65,89.53,92,Critical,6,1433460.06,171077.74,High,215,25,150143.29
B0227,TRAN_0227,Transportation,Japan,Aichi,Nagoya,2023-09-17,2023,Drought,Medium,1.72,-8.27,62.76,75.46,76,High,20,1422206.22,752949.45,High,211,47,108169.86
B0228,AGRI_0228,Agriculture,Japan,Aichi,Nagoya,2022-02-23,2022,Heatwave,Medium,1.08,-1.09,68.25,78.15,81,Critical,16,1480720.79,940975.06,High,243,37,151969.38
B0229,HEAL_0229,Healthcare,Germany,Hamburg,Hamburg,2020-04-07,2020,Heatwave,High,2.33,-33.09,57.02,59.37,65,High,16,869469.15,414461.51,Medium,173,31,26606.17
B0230,RETA_0230,Retail,Germany,Berlin,Berlin,2021-04-07,2021,Heatwave,Low,1.6,-12.04,68.37,38.69,41,Medium,8,553236.28,300274.48,Medium,139,30,68198.38
B0231,FINA_0231,Finance,United States,Texas,Houston,2022-09-10,2022,Cyclone,Critical,1.95,23.68,76.9,76.76,74,High,10,776842.93,342233.76,High,224,34,119104.85
B0232,TECH_0232,Technology,Japan,Tokyo,Tokyo,2025-08-08,2025,Heatwave,Medium,2.52,8.91,73.67,67.86,64,High,12,459591.78,168634.61,Medium,246,27,28278.17
B0233,TRAN_0233,Transportation,Brazil,São Paulo,São Paulo,2026-01-15,2026,Heatwave,Medium,2.71,-2.59,67.88,55.99,48,Medium,17,923636.38,144772.74,Medium,171,36,80356.14
B0234,TRAN_0234,Transportation,India,Andhra Pradesh,Visakhapatnam,2022-09-09,2022,Storm,High,1.79,14.72,64.15,62.79,63,High,26,1132221.32,475207.95,Medium,305,64,116683.13
B0235,FINA_0235,Finance,India,Andhra Pradesh,Visakhapatnam,2022-12-17,2022,Flood,Medium,1.39,-3.34,69.59,69.98,58,Medium,14,505663.49,259719.03,Medium,115,35,47787.22
B0236,HOSP_0236,Hospitality,Japan,Aichi,Nagoya,2021-12-20,2021,Flood,Medium,2.69,5.83,60.33,67.23,62,High,15,777986.23,456579.48,Medium,162,27,122787.14
B0237,HEAL_0237,Healthcare,Brazil,Bahia,Salvador,2025-12-17,2025,Wildfire,High,2.83,-21.63,72.22,65.27,59,Medium,14,775100.72,190061.64,Medium,74,39,132109.54
B0238,CONS_0238,Construction,Australia,Queensland,Brisbane,2024-11-05,2024,Cyclone,High,1.88,59.48,90.16,70.17,89,Critical,20,1496113.96,897208.16,High,244,46,205794.84
B0239,HOSP_0239,Hospitality,United States,Texas,Houston,2024-03-25,2024,Storm,Medium,1.96,-29.79,66.72,42.13,53,Medium,9,816281.0,396156.68,Medium,175,9,64517.15
B0240,MANU_0240,Manufacturing,India,Maharashtra,Mumbai,2021-06-23,2021,Heatwave,Low,1.57,59.28,64.71,49.67,60,Medium,11,862474.18,306781.51,Medium,95,21,117010.79
B0241,HOSP_0241,Hospitality,Japan,Tokyo,Tokyo,2024-02-14,2024,Wildfire,Critical,1.93,-26.6,69.27,65.61,66,High,17,953928.89,397811.91,High,134,27,31950.57
B0242,RETA_0242,Retail,Brazil,Bahia,Salvador,2023-07-19,2023,Flood,High,2.23,30.06,79.4,76.59,76,High,16,845897.54,529486.65,High,221,28,105261.64
B0243,TECH_0243,Technology,Japan,Aichi,Nagoya,2025-02-25,2025,Wildfire,High,2.04,-28.03,76.49,74.52,77,High,13,860452.63,860154.04,High,178,23,29825.55
B0244,FINA_0244,Finance,Japan,Osaka,Osaka,2023-02-10,2023,Cyclone,Medium,2.33,-0.08,59.66,37.29,51,Medium,19,214236.31,119865.2,Medium,102,36,31975.65
B0245,HEAL_0245,Healthcare,Australia,Queensland,Brisbane,2023-08-02,2023,Wildfire,High,1.97,1.06,72.01,50.97,63,High,7,895407.78,485354.62,Medium,201,14,56395.92
B0246,HOSP_0246,Hospitality,Japan,Osaka,Osaka,2023-06-03,2023,Flood,High,1.06,31.75,57.62,74.16,70,High,22,876535.34,499872.37,High,180,38,75026.38
B0247,RETA_0247,Retail,Brazil,São Paulo,São Paulo,2024-12-18,2024,Flood,Low,1.27,-44.87,64.26,79.06,68,High,6,828781.63,362588.9,High,98,26,130457.47
B0248,CONS_0248,Construction,Australia,Victoria,Melbourne,2021-11-19,2021,Cyclone,Medium,1.81,-0.49,66.1,67.41,73,High,4,1184114.44,449613.74,High,212,6,160721.06
B0249,RETA_0249,Retail,United States,California,Los Angeles,2020-10-13,2020,Cyclone,High,1.87,40.38,75.95,88.18,80,High,19,1010436.86,454262.69,High,187,47,130416.25
B0250,AGRI_0250,Agriculture,Brazil,Bahia,Salvador,2021-03-10,2021,Cyclone,Critical,1.63,43.42,76.62,67.03,81,Critical,30,1496542.94,778410.11,High,198,63,52983.21
B0251,MANU_0251,Manufacturing,Japan,Osaka,Osaka,2022-08-12,2022,Heatwave,Medium,1.11,-3.81,79.15,53.36,69,High,12,1102744.6,456508.43,High,78,17,81932.97
B0252,AGRI_0252,Agriculture,Australia,Queensland,Brisbane,2026-10-21,2026,Cyclone,Critical,1.81,36.18,98.46,54.8,66,High,30,1305756.46,886366.32,High,176,70,106719.31
B0253,AGRI_0253,Agriculture,Australia,Queensland,Brisbane,2021-06-02,2021,Cyclone,Medium,1.19,-2.44,53.13,68.95,58,Medium,23,1305867.43,341462.91,Medium,160,48,56284.16
B0254,AGRI_0254,Agriculture,India,Tamil Nadu,Chennai,2024-01-11,2024,Flood,Medium,2.01,-22.4,56.07,73.26,54,Medium,12,956025.59,435267.25,Medium,184,39,30706.57
B0255,HOSP_0255,Hospitality,Germany,Bavaria,Munich,2020-03-19,2020,Cyclone,Medium,1.35,8.98,50.79,80.28,83,Critical,11,842711.18,297949.33,High,195,15,47069.7
B0256,CONS_0256,Construction,Germany,Bavaria,Munich,2020-04-16,2020,Drought,Medium,1.86,15.79,68.9,75.05,77,High,9,1103918.89,228922.12,High,240,11,141074.6
B0257,ENER_0257,Energy,Germany,Berlin,Berlin,2022-07-06,2022,Cyclone,Critical,2.29,44.28,80.13,72.74,70,High,30,1267411.89,1030310.57,High,75,67,213809.26
B0258,AGRI_0258,Agriculture,Australia,Victoria,Melbourne,2021-05-08,2021,Drought,Low,1.62,3.81,75.61,33.06,46,Medium,15,789168.73,428687.99,Medium,204,27,70446.96
B0259,AGRI_0259,Agriculture,Australia,Victoria,Melbourne,2025-02-13,2025,Storm,High,2.37,38.95,54.99,73.95,67,High,30,1320165.09,717890.28,High,163,54,45361.85
B0260,AGRI_0260,Agriculture,Japan,Aichi,Nagoya,2024-01-05,2024,Cyclone,High,1.65,35.83,66.29,56.49,63,High,28,1249266.22,376478.86,Medium,151,49,70858.53
B0261,FINA_0261,Finance,Australia,Queensland,Brisbane,2023-03-05,2023,Wildfire,High,2.58,-13.49,84.49,69.05,91,Critical,16,686545.88,392735.42,High,184,31,30429.44
B0262,FINA_0262,Finance,United States,New York,New York City,2025-06-15,2025,Flood,Critical,1.88,27.63,96.85,84.08,87,Critical,12,761521.94,253824.42,High,136,27,131481.89
B0263,TRAN_0263,Transportation,Japan,Aichi,Nagoya,2022-12-18,2022,Storm,Medium,1.73,2.28,75.8,71.63,68,High,16,1137360.31,310188.13,High,170,49,119942.46
B0264,HOSP_0264,Hospitality,India,Andhra Pradesh,Visakhapatnam,2024-08-11,2024,Wildfire,High,2.19,-4.42,66.96,66.4,67,High,21,1034115.48,403317.39,High,208,42,104546.67
B0265,MANU_0265,Manufacturing,Germany,Berlin,Berlin,2020-01-20,2020,Flood,Critical,2.24,42.11,71.21,78.26,77,High,22,1260900.18,225385.38,High,187,44,124743.47
B0266,CONS_0266,Construction,Australia,Victoria,Melbourne,2024-04-09,2024,Heatwave,Critical,1.91,-66.89,74.0,68.87,78,High,28,1175908.04,896293.74,High,200,55,197340.53
B0267,ENER_0267,Energy,Brazil,Bahia,Salvador,2021-01-27,2021,Flood,Low,0.97,18.31,70.37,35.76,55,Medium,14,994550.75,406959.54,Medium,160,33,60426.51
B0268,HOSP_0268,Hospitality,Australia,Queensland,Brisbane,2020-01-21,2020,Storm,High,2.49,12.29,74.11,75.96,79,High,15,1005955.43,380174.45,High,265,35,58173.02
B0269,HEAL_0269,Healthcare,India,Tamil Nadu,Chennai,2021-09-14,2021,Flood,Critical,2.28,26.05,77.69,86.63,80,High,17,1112576.6,489006.7,High,225,28,38844.04
B0270,FINA_0270,Finance,United States,Texas,Houston,2025-07-05,2025,Cyclone,Low,1.3,-46.2,62.0,98.4,84,Critical,4,410844.57,133309.87,High,324,22,13606.36
B0271,ENER_0271,Energy,Brazil,São Paulo,São Paulo,2021-02-05,2021,Wildfire,Medium,1.57,1.47,73.08,82.1,85,Critical,18,1323310.12,653034.18,High,142,28,201860.65
B0272,ENER_0272,Energy,United States,New York,New York City,2023-06-23,2023,Wildfire,Medium,1.29,17.68,76.03,65.66,65,High,12,1253990.34,574443.28,Medium,57,23,39001.88
B0273,RETA_0273,Retail,Brazil,Rio de Janeiro,Rio de Janeiro,2020-11-27,2020,Drought,Low,0.94,17.1,59.34,46.44,67,High,12,960193.38,121851.3,High,247,32,92875.05
B0274,TRAN_0274,Transportation,India,Andhra Pradesh,Visakhapatnam,2023-10-14,2023,Storm,High,2.02,30.41,80.24,97.46,99,Critical,19,1738155.94,1198429.05,High,228,39,260212.24
B0275,FINA_0275,Finance,United States,Texas,Houston,2023-08-13,2023,Wildfire,Low,1.57,19.15,69.48,75.85,70,High,12,1083153.92,100574.37,High,146,30,152959.77
B0276,HOSP_0276,Hospitality,Brazil,Rio de Janeiro,Rio de Janeiro,2026-08-27,2026,Heatwave,Low,1.38,-3.27,52.22,75.0,73,High,11,1084666.2,318162.49,High,225,26,151345.71
B0277,CONS_0277,Construction,Australia,Victoria,Melbourne,2025-07-13,2025,Wildfire,Critical,1.45,-15.88,71.22,94.55,82,Critical,22,1013023.47,440871.66,High,264,47,67281.83
B0278,TRAN_0278,Transportation,Germany,Hamburg,Hamburg,2024-12-21,2024,Storm,Critical,1.68,25.51,67.94,87.18,73,High,23,1266397.08,995305.07,High,180,40,70227.47
B0279,FINA_0279,Finance,Australia,Victoria,Melbourne,2021-01-27,2021,Heatwave,High,1.64,-32.24,69.21,53.04,70,High,1,522938.26,216307.49,High,277,12,75326.31
B0280,TRAN_0280,Transportation,Japan,Tokyo,Tokyo,2024-07-13,2024,Heatwave,Medium,2.23,-17.0,84.13,64.87,76,High,14,1511635.42,549669.13,High,172,25,253778.36
B0281,HEAL_0281,Healthcare,Australia,New South Wales,Sydney,2023-05-19,2023,Storm,Low,1.09,-32.06,35.21,59.74,48,Medium,8,619698.26,184688.56,Medium,169,21,39825.2
B0282,TRAN_0282,Transportation,India,Maharashtra,Mumbai,2022-07-04,2022,Heatwave,Low,2.12,30.39,52.55,52.15,59,Medium,12,739319.27,471790.04,Medium,94,30,55048.33
B0283,AGRI_0283,Agriculture,Australia,Queensland,Brisbane,2021-11-19,2021,Flood,Medium,1.88,14.34,44.29,79.68,63,High,15,1260518.94,298268.86,Medium,44,28,137644.86
B0284,HEAL_0284,Healthcare,Brazil,São Paulo,São Paulo,2021-04-02,2021,Wildfire,High,1.7,-59.36,64.74,78.47,69,High,13,897369.37,492224.16,High,161,42,58617.31
B0285,CONS_0285,Construction,India,West Bengal,Kolkata,2020-01-27,2020,Heatwave,Medium,1.02,31.01,61.67,48.73,66,High,18,833435.76,311436.42,High,149,21,60032.49
B0286,FINA_0286,Finance,Australia,Queensland,Brisbane,2020-10-15,2020,Heatwave,Medium,1.1,0.51,65.35,67.44,55,Medium,14,683391.63,139360.26,Medium,100,31,22434.2
B0287,FINA_0287,Finance,Germany,Berlin,Berlin,2020-02-13,2020,Drought,Medium,2.39,-6.43,60.52,79.61,70,High,13,629216.44,243830.38,High,90,24,59575.63
B0288,TECH_0288,Technology,Australia,Victoria,Melbourne,2025-09-03,2025,Drought,Low,1.72,15.07,67.49,59.07,72,High,11,500740.9,91273.93,High,133,30,38841.52
B0289,HOSP_0289,Hospitality,Japan,Osaka,Osaka,2020-02-01,2020,Cyclone,High,0.92,24.33,78.29,93.5,92,Critical,16,1083350.42,340448.21,High,250,39,150429.99
B0290,TECH_0290,Technology,Japan,Osaka,Osaka,2020-03-01,2020,Heatwave,High,1.69,-24.82,90.55,66.39,71,High,11,766670.59,455151.66,High,322,15,116556.15
B0291,TRAN_0291,Transportation,India,Andhra Pradesh,Visakhapatnam,2021-01-18,2021,Drought,High,2.89,-4.04,85.58,76.9,80,High,19,1197448.7,647972.99,High,164,56,49454.15
B0292,ENER_0292,Energy,Japan,Aichi,Nagoya,2025-09-28,2025,Drought,High,1.47,-12.3,78.42,73.5,75,High,24,1366364.0,508447.46,High,288,49,84305.98
B0293,HOSP_0293,Hospitality,India,West Bengal,Kolkata,2026-04-01,2026,Cyclone,Medium,2.08,-7.62,52.27,56.48,39,Medium,14,394041.49,233631.02,Medium,43,26,62897.22
B0294,HEAL_0294,Healthcare,Australia,New South Wales,Sydney,2024-10-10,2024,Flood,Medium,1.54,-26.3,65.6,59.3,71,High,8,1008694.17,547863.31,High,177,20,124500.75
B0295,HOSP_0295,Hospitality,United States,New York,New York City,2021-04-11,2021,Heatwave,Low,2.26,-14.98,76.22,41.26,55,Medium,10,1035971.57,487989.87,Medium,166,18,31223.06
B0296,AGRI_0296,Agriculture,United States,Florida,Miami,2020-07-28,2020,Cyclone,Medium,2.3,7.46,77.04,78.85,79,High,10,1567456.5,629044.99,High,55,16,72267.39
B0297,AGRI_0297,Agriculture,Brazil,Rio de Janeiro,Rio de Janeiro,2025-11-12,2025,Flood,High,1.89,34.02,93.23,75.78,86,Critical,26,1700122.25,604166.96,High,236,43,87288.44
B0298,RETA_0298,Retail,Australia,Queensland,Brisbane,2020-10-25,2020,Cyclone,Low,0.91,-58.89,52.97,61.7,57,Medium,15,826901.0,409736.51,Medium,175,34,114982.54
B0299,AGRI_0299,Agriculture,Germany,Hamburg,Hamburg,2022-05-05,2022,Cyclone,High,2.12,19.73,70.21,77.18,77,High,29,1379488.76,883194.09,High,284,45,113064.29
B0300,FINA_0300,Finance,Australia,New South Wales,Sydney,2021-06-26,2021,Cyclone,High,2.09,5.96,77.71,80.85,92,Critical,13,732888.72,430814.99,High,226,28,29699.59
B0301,FINA_0301,Finance,Germany,Berlin,Berlin,2020-08-22,2020,Wildfire,Medium,1.66,-2.79,60.76,52.34,67,High,1,981943.31,494760.75,High,116,1,60305.97
B0302,TECH_0302,Technology,Australia,Queensland,Brisbane,2025-07-03,2025,Cyclone,Medium,0.11,-13.79,60.37,46.87,40,Medium,3,273331.53,124060.42,Medium,52,4,30540.36
B0303,ENER_0303,Energy,Australia,New South Wales,Sydney,2026-12-10,2026,Storm,Low,1.57,-23.07,63.24,47.84,54,Medium,8,975562.56,134107.63,Medium,203,20,87410.49
B0304,MANU_0304,Manufacturing,Japan,Osaka,Osaka,2023-10-03,2023,Flood,Low,1.76,18.35,52.41,36.8,41,Medium,13,1113106.3,519735.4,Medium,191,23,86638.38
B0305,HEAL_0305,Healthcare,Germany,Hamburg,Hamburg,2023-06-23,2023,Flood,High,1.69,13.81,77.06,84.67,83,Critical,18,827190.95,643588.06,High,218,30,30531.4
B0306,AGRI_0306,Agriculture,India,Maharashtra,Mumbai,2025-01-12,2025,Cyclone,High,1.95,44.42,66.63,85.49,79,High,24,1464595.74,809160.14,High,243,42,153915.87
B0307,CONS_0307,Construction,Brazil,Rio de Janeiro,Rio de Janeiro,2023-04-14,2023,Drought,High,1.56,-30.5,80.65,74.99,75,High,16,1252717.11,484222.97,High,256,37,176660.59
B0308,HEAL_0308,Healthcare,Japan,Tokyo,Tokyo,2025-05-01,2025,Wildfire,Low,1.52,6.12,30.8,43.72,37,Medium,6,677922.35,169225.39,Medium,53,17,34228.75
B0309,MANU_0309,Manufacturing,Germany,Hamburg,Hamburg,2020-10-09,2020,Heatwave,High,1.91,-15.46,64.38,81.6,79,High,20,1288206.47,603703.02,High,199,39,166606.24
B0310,RETA_0310,Retail,India,West Bengal,Kolkata,2022-03-13,2022,Drought,Low,1.09,15.23,66.75,62.47,54,Medium,15,752730.87,347226.65,Medium,94,27,63620.94
B0311,CONS_0311,Construction,Japan,Tokyo,Tokyo,2022-05-20,2022,Drought,Medium,2.04,-19.3,81.47,44.02,72,High,15,1094924.09,564116.5,High,175,15,69124.56
B0312,TRAN_0312,Transportation,Brazil,Bahia,Salvador,2026-09-14,2026,Drought,High,1.14,-75.99,63.55,73.97,69,High,14,1156786.65,976462.12,High,213,20,115495.06
B0313,CONS_0313,Construction,India,Maharashtra,Mumbai,2020-10-11,2020,Storm,Medium,1.02,40.59,74.16,57.68,62,High,15,1001349.9,573592.59,Medium,140,35,137685.42
B0314,TECH_0314,Technology,Germany,Berlin,Berlin,2025-08-23,2025,Drought,Medium,1.44,-16.1,68.54,59.78,64,High,1,625906.75,314212.75,Medium,95,19,111144.19
B0315,TRAN_0315,Transportation,Brazil,Rio de Janeiro,Rio de Janeiro,2023-10-23,2023,Wildfire,High,0.99,-38.32,89.16,45.33,55,Medium,12,823259.99,162094.44,Medium,110,18,112948.0
B0316,RETA_0316,Retail,Japan,Tokyo,Tokyo,2021-07-07,2021,Wildfire,Medium,1.58,32.67,55.08,61.34,64,High,15,729366.47,293146.22,Medium,153,36,85572.97
B0317,MANU_0317,Manufacturing,Australia,New South Wales,Sydney,2025-10-09,2025,Cyclone,Medium,1.51,43.76,66.07,43.15,57,Medium,18,844443.95,348816.1,Medium,105,40,26204.53
B0318,HOSP_0318,Hospitality,Brazil,Rio de Janeiro,Rio de Janeiro,2024-08-17,2024,Heatwave,Medium,1.37,-9.01,56.26,56.92,63,High,16,758411.32,227571.49,Medium,183,37,72760.55
B0319,ENER_0319,Energy,Japan,Aichi,Nagoya,2025-05-06,2025,Drought,High,2.15,-28.02,80.46,51.63,56,Medium,19,1030456.54,616353.08,Medium,222,33,160741.03
B0320,HOSP_0320,Hospitality,United States,California,Los Angeles,2024-04-18,2024,Cyclone,High,1.46,46.54,88.64,78.91,76,High,15,972688.93,561809.19,High,216,31,159870.79
B0321,TRAN_0321,Transportation,Germany,Bavaria,Munich,2020-03-07,2020,Storm,High,2.53,37.31,83.69,72.33,68,High,15,1319397.63,719894.56,High,261,39,150127.14
B0322,RETA_0322,Retail,India,West Bengal,Kolkata,2025-01-16,2025,Drought,Medium,1.6,30.01,71.83,40.18,59,Medium,8,705506.95,246860.15,Medium,118,21,58996.77
B0323,TECH_0323,Technology,Australia,Queensland,Brisbane,2022-05-07,2022,Drought,Medium,1.35,7.28,67.82,36.61,58,Medium,17,279748.48,141860.54,Medium,107,36,10556.85
B0324,CONS_0324,Construction,Australia,Victoria,Melbourne,2022-12-12,2022,Flood,High,1.69,27.67,60.44,65.18,65,High,19,1194609.69,0.0,Medium,148,29,184195.22
B0325,TECH_0325,Technology,Brazil,Bahia,Salvador,2024-01-25,2024,Drought,Medium,1.65,-14.15,91.56,41.6,67,High,11,598563.47,327058.36,High,91,26,28435.09
B0326,CONS_0326,Construction,Japan,Tokyo,Tokyo,2024-12-02,2024,Heatwave,High,1.17,-12.36,74.35,57.89,63,High,18,1082022.44,573186.58,Medium,81,32,190962.89
B0327,CONS_0327,Construction,United States,Texas,Houston,2022-06-11,2022,Heatwave,Low,1.91,4.79,63.74,62.07,59,Medium,6,782164.15,364890.68,Medium,117,12,121424.46
B0328,HOSP_0328,Hospitality,Brazil,São Paulo,São Paulo,2023-10-08,2023,Wildfire,Critical,2.68,-49.88,88.65,50.18,75,High,25,1068341.79,811941.29,High,114,58,190891.32
B0329,TRAN_0329,Transportation,Australia,Victoria,Melbourne,2024-08-09,2024,Flood,Medium,2.23,-8.15,43.22,81.74,70,High,11,1322926.06,625685.96,High,192,24,40537.66
B0330,TRAN_0330,Transportation,Germany,Bavaria,Munich,2023-07-11,2023,Storm,High,2.45,12.81,74.16,56.27,69,High,16,1110707.93,613064.85,High,65,32,53715.31
B0331,RETA_0331,Retail,India,Tamil Nadu,Chennai,2024-06-08,2024,Storm,Critical,2.21,57.78,79.22,79.3,79,High,23,861142.72,398326.98,High,209,41,35258.8
B0332,MANU_0332,Manufacturing,Australia,Victoria,Melbourne,2023-02-27,2023,Storm,Medium,1.21,-13.4,72.41,70.14,61,High,15,997086.35,589404.67,Medium,291,35,45307.3
B0333,FINA_0333,Finance,Australia,New South Wales,Sydney,2020-01-10,2020,Cyclone,Medium,2.5,15.54,79.43,54.56,63,High,10,510005.1,203697.84,Medium,212,21,58509.95
B0334,RETA_0334,Retail,United States,Texas,Houston,2022-11-08,2022,Storm,Medium,1.72,-11.86,51.68,57.64,54,Medium,10,799475.86,515399.29,Medium,163,33,114132.33
B0335,CONS_0335,Construction,Japan,Aichi,Nagoya,2025-06-15,2025,Drought,Medium,1.74,24.53,74.29,55.94,67,High,14,1002044.7,592927.84,High,84,14,173805.65
B0336,HOSP_0336,Hospitality,United States,California,Los Angeles,2025-05-11,2025,Drought,High,1.97,-46.64,74.31,86.31,85,Critical,14,1277989.7,479448.33,High,100,25,59864.79
B0337,ENER_0337,Energy,United States,New York,New York City,2023-08-21,2023,Drought,Medium,2.74,21.08,80.95,93.71,93,Critical,16,1511025.63,1160857.32,High,224,30,184351.0
B0338,FINA_0338,Finance,United States,New York,New York City,2022-05-18,2022,Drought,Low,1.62,17.9,99.7,39.5,68,High,8,595527.09,71126.42,High,185,19,54212.55
B0339,AGRI_0339,Agriculture,Germany,Bavaria,Munich,2025-11-10,2025,Flood,High,1.5,17.91,71.11,74.38,69,High,19,1062573.34,473067.08,High,100,30,88907.11
B0340,FINA_0340,Finance,India,Maharashtra,Mumbai,2024-04-24,2024,Heatwave,High,2.68,-12.94,80.2,56.22,61,High,15,621982.5,406848.73,Medium,55,38,37671.7
B0341,AGRI_0341,Agriculture,Australia,Victoria,Melbourne,2024-08-22,2024,Wildfire,High,1.63,-23.34,84.16,50.48,61,High,31,1136447.44,373476.9,Medium,182,56,196349.56
B0342,AGRI_0342,Agriculture,Brazil,São Paulo,São Paulo,2025-01-09,2025,Cyclone,Critical,3.06,59.13,80.44,100.0,98,Critical,30,1795941.13,1498243.87,High,339,52,241564.69
B0343,CONS_0343,Construction,Brazil,Bahia,Salvador,2020-10-19,2020,Heatwave,Low,0.98,27.7,74.59,63.96,72,High,6,919932.48,0.0,High,229,15,72540.56
B0344,ENER_0344,Energy,India,Maharashtra,Mumbai,2020-04-06,2020,Flood,High,2.15,31.83,75.23,64.58,66,High,30,1266430.67,390611.16,High,225,48,100909.08
B0345,FINA_0345,Finance,Japan,Tokyo,Tokyo,2022-01-04,2022,Wildfire,Medium,1.3,-18.57,72.82,91.06,83,Critical,14,673937.09,343048.63,High,234,25,114013.8
B0346,ENER_0346,Energy,Brazil,São Paulo,São Paulo,2022-10-19,2022,Flood,Medium,2.22,18.66,65.02,82.26,79,High,13,1497289.53,547394.92,High,202,21,210839.2
B0347,AGRI_0347,Agriculture,United States,New York,New York City,2022-05-21,2022,Heatwave,High,2.2,-14.53,63.66,71.38,79,High,31,1561733.59,918429.93,High,225,55,61735.33
B0348,ENER_0348,Energy,Japan,Osaka,Osaka,2020-10-21,2020,Drought,Low,0.77,37.81,67.53,73.41,72,High,12,1005263.39,294570.61,High,151,27,133131.25
B0349,CONS_0349,Construction,India,Andhra Pradesh,Visakhapatnam,2023-07-19,2023,Heatwave,Medium,1.75,30.63,66.36,63.44,70,High,7,1053106.29,393241.08,High,156,17,80975.09
B0350,ENER_0350,Energy,Brazil,Bahia,Salvador,2021-06-25,2021,Storm,Medium,1.67,-0.7,68.81,87.86,84,Critical,18,1412393.78,580695.08,High,264,36,127120.74
B0351,RETA_0351,Retail,Brazil,Bahia,Salvador,2024-07-03,2024,Drought,Low,0.55,-2.91,82.08,70.8,67,High,7,833623.12,497084.3,High,99,11,60233.51
B0352,CONS_0352,Construction,Australia,Victoria,Melbourne,2022-02-27,2022,Storm,Low,1.94,-43.53,77.86,34.58,62,High,9,804986.19,248251.47,Medium,179,26,24276.61
B0353,ENER_0353,Energy,India,West Bengal,Kolkata,2023-08-02,2023,Drought,Medium,1.08,-7.21,79.88,82.39,69,High,19,1219691.04,219008.65,High,233,45,197407.71
B0354,HEAL_0354,Healthcare,Japan,Aichi,Nagoya,2022-04-05,2022,Drought,High,1.71,-21.37,85.83,97.24,81,Critical,16,1123321.69,357847.58,High,171,26,58642.99
B0355,ENER_0355,Energy,Germany,Bavaria,Munich,2025-04-01,2025,Drought,High,2.88,-38.53,87.69,61.5,62,High,22,1167141.32,527033.68,Medium,118,53,134570.2
B0356,TECH_0356,Technology,India,Andhra Pradesh,Visakhapatnam,2023-05-12,2023,Drought,Medium,2.42,2.69,79.54,67.56,71,High,5,559464.55,271344.76,High,230,13,22432.07
B0357,AGRI_0357,Agriculture,United States,New York,New York City,2023-07-02,2023,Storm,Medium,2.39,19.53,56.02,53.64,59,Medium,21,1238342.15,373493.38,Medium,160,35,192370.25
B0358,ENER_0358,Energy,India,West Bengal,Kolkata,2020-04-09,2020,Storm,Medium,2.04,-8.83,65.7,34.09,46,Medium,14,931862.91,269657.46,Medium,163,35,86765.83
B0359,HOSP_0359,Hospitality,India,Andhra Pradesh,Visakhapatnam,2023-04-04,2023,Flood,High,1.8,17.74,67.59,52.77,60,Medium,19,886854.17,186334.15,Medium,127,42,144120.17
B0360,AGRI_0360,Agriculture,Germany,Bavaria,Munich,2024-05-09,2024,Wildfire,Medium,1.66,-16.94,76.43,54.62,70,High,17,1395780.41,609332.3,High,171,25,187601.46
B0361,TRAN_0361,Transportation,Brazil,São Paulo,São Paulo,2024-10-28,2024,Storm,High,2.84,55.86,47.23,77.24,55,Medium,21,1035352.93,280349.71,Medium,147,45,88990.88
B0362,RETA_0362,Retail,Japan,Aichi,Nagoya,2024-10-01,2024,Wildfire,Medium,2.49,40.81,75.48,53.67,62,High,12,891558.41,261444.96,Medium,92,28,147198.3
B0363,TRAN_0363,Transportation,Germany,Hamburg,Hamburg,2020-02-24,2020,Flood,High,2.2,16.46,72.26,72.45,78,High,19,1383179.63,954343.15,High,197,28,183834.43
B0364,RETA_0364,Retail,India,Tamil Nadu,Chennai,2021-03-28,2021,Cyclone,Critical,2.41,61.82,66.09,66.72,67,High,17,845640.12,337278.57,High,181,41,140331.42
B0365,RETA_0365,Retail,United States,Texas,Houston,2020-09-22,2020,Heatwave,High,2.05,-15.87,69.75,89.87,90,Critical,18,1119306.14,291576.71,High,216,40,147758.63
B0366,MANU_0366,Manufacturing,Brazil,Rio de Janeiro,Rio de Janeiro,2021-05-28,2021,Flood,Critical,2.65,14.64,88.0,70.82,77,High,25,1345902.46,1391392.21,High,209,50,51109.54
B0367,TECH_0367,Technology,Germany,Bavaria,Munich,2022-12-24,2022,Storm,High,2.22,45.72,81.84,91.24,73,High,18,862949.84,419344.65,High,61,18,30749.81
B0368,FINA_0368,Finance,Australia,Victoria,Melbourne,2023-11-03,2023,Wildfire,High,1.28,-6.01,94.75,80.18,72,High,4,367053.68,181858.28,High,210,6,56158.66
B0369,HEAL_0369,Healthcare,India,Tamil Nadu,Chennai,2026-10-03,2026,Flood,Low,1.27,-26.64,65.77,60.43,64,High,7,942304.8,273560.83,Medium,188,19,127955.27
B0370,HOSP_0370,Hospitality,Japan,Aichi,Nagoya,2020-10-15,2020,Cyclone,High,1.81,9.25,69.81,62.09,54,Medium,19,935950.54,366740.76,Medium,253,40,146783.24
B0371,RETA_0371,Retail,Australia,Victoria,Melbourne,2023-02-14,2023,Heatwave,Medium,1.37,-37.25,90.49,57.33,70,High,18,1237665.47,547382.32,High,162,42,132296.52
B0372,AGRI_0372,Agriculture,Germany,Hamburg,Hamburg,2021-12-10,2021,Flood,Medium,2.97,-22.15,71.47,78.27,78,High,18,1595577.27,0.0,High,222,31,53538.97
B0373,AGRI_0373,Agriculture,Brazil,São Paulo,São Paulo,2025-07-19,2025,Flood,High,1.33,-13.84,83.32,71.32,98,Critical,24,1553929.79,605533.72,High,308,49,76522.65
B0374,RETA_0374,Retail,Japan,Tokyo,Tokyo,2024-07-04,2024,Drought,Medium,1.94,11.63,74.18,70.5,59,Medium,16,953597.39,479215.6,Medium,195,39,165899.32
B0375,HEAL_0375,Healthcare,Australia,New South Wales,Sydney,2023-02-21,2023,Flood,Medium,2.89,15.2,82.16,76.43,72,High,12,847762.94,386090.27,High,5,20,33206.37
B0376,HOSP_0376,Hospitality,Brazil,São Paulo,São Paulo,2020-10-23,2020,Drought,Low,1.52,14.1,83.57,55.34,69,High,14,991597.79,503107.34,High,321,34,69036.13
B0377,ENER_0377,Energy,Japan,Osaka,Osaka,2025-11-07,2025,Wildfire,High,2.01,-27.97,67.54,69.97,81,Critical,24,1347302.93,990206.7,High,270,41,240990.47
B0378,TECH_0378,Technology,United States,California,Los Angeles,2022-02-08,2022,Storm,Medium,1.49,-12.31,71.21,50.22,62,High,7,736655.4,441043.1,Medium,149,7,51292.39
B0379,TRAN_0379,Transportation,United States,Florida,Miami,2025-08-26,2025,Wildfire,Medium,1.02,-1.37,79.35,73.92,73,High,16,1280769.54,587878.8,High,169,31,68315.39
B0380,AGRI_0380,Agriculture,Australia,Victoria,Melbourne,2022-03-07,2022,Flood,High,2.46,11.13,69.06,64.1,58,Medium,24,998805.55,455467.94,Medium,48,49,143183.25
B0381,HOSP_0381,Hospitality,Australia,New South Wales,Sydney,2026-07-04,2026,Flood,High,2.32,-1.18,91.02,78.23,90,Critical,23,1261993.92,844450.79,High,287,50,220226.65
B0382,CONS_0382,Construction,Japan,Osaka,Osaka,2024-10-17,2024,Storm,Medium,2.34,13.29,84.53,79.09,89,Critical,10,1297120.64,130578.62,High,209,26,205705.27
B0383,CONS_0383,Construction,Australia,Victoria,Melbourne,2021-08-16,2021,Wildfire,Low,1.33,26.09,77.08,50.97,58,Medium,15,1116307.71,270487.6,Medium,154,40,179349.21
B0384,RETA_0384,Retail,India,West Bengal,Kolkata,2020-03-05,2020,Wildfire,Critical,2.54,-27.82,88.69,96.08,100,Critical,24,1212496.01,825943.2,High,342,48,37393.27
B0385,HOSP_0385,Hospitality,Germany,Hamburg,Hamburg,2023-05-24,2023,Storm,Medium,1.97,2.24,89.37,59.58,73,High,10,1255751.88,866355.29,High,201,28,145130.32
B0386,HOSP_0386,Hospitality,Australia,Queensland,Brisbane,2026-11-12,2026,Flood,High,2.45,35.64,70.22,65.55,79,High,28,938329.32,295773.12,High,198,46,29957.98
B0387,RETA_0387,Retail,India,Andhra Pradesh,Visakhapatnam,2024-08-19,2024,Wildfire,Medium,0.29,18.04,54.81,47.32,56,Medium,13,474051.75,61843.84,Medium,189,32,39011.6
B0388,FINA_0388,Finance,Australia,Queensland,Brisbane,2020-01-18,2020,Wildfire,Low,0.64,34.35,36.47,62.54,38,Medium,7,395967.35,56780.32,Medium,156,16,37396.88
B0389,TECH_0389,Technology,Brazil,Bahia,Salvador,2020-05-27,2020,Storm,Low,2.01,-14.93,54.17,53.2,54,Medium,12,591943.89,160725.6,Medium,146,29,22725.4
B0390,HEAL_0390,Healthcare,Japan,Osaka,Osaka,2024-12-02,2024,Flood,Medium,1.43,-33.23,86.73,58.81,76,High,1,893797.09,277828.6,High,207,10,155103.55
B0391,HOSP_0391,Hospitality,Japan,Tokyo,Tokyo,2024-03-22,2024,Heatwave,Medium,1.95,-22.06,88.11,65.34,65,High,14,1078356.54,546416.17,Medium,8,29,90332.14
B0392,TECH_0392,Technology,India,West Bengal,Kolkata,2022-07-13,2022,Storm,Low,1.31,-45.75,72.91,54.91,56,Medium,2,355316.6,177340.18,Medium,144,15,35187.24
B0393,MANU_0393,Manufacturing,Brazil,Rio de Janeiro,Rio de Janeiro,2022-06-16,2022,Wildfire,Critical,2.0,-41.45,71.02,87.01,64,High,27,1295991.47,839368.59,Medium,154,64,167293.28
B0394,RETA_0394,Retail,Australia,Victoria,Melbourne,2025-02-08,2025,Flood,High,1.63,17.78,57.62,50.42,59,Medium,15,703704.86,448268.61,Medium,151,38,69661.37
B0395,MANU_0395,Manufacturing,Brazil,Bahia,Salvador,2022-07-14,2022,Drought,Medium,2.5,2.37,62.31,50.22,54,Medium,20,799420.2,340140.16,Medium,176,37,87942.78
B0396,ENER_0396,Energy,United States,Texas,Houston,2021-05-13,2021,Cyclone,High,1.28,10.38,57.76,81.04,72,High,22,1616321.53,527779.15,High,301,26,167273.66
B0397,HOSP_0397,Hospitality,Brazil,Bahia,Salvador,2020-01-18,2020,Heatwave,Medium,2.19,13.84,77.29,86.26,77,High,14,1051494.15,319767.62,High,224,21,183515.39
B0398,ENER_0398,Energy,Australia,New South Wales,Sydney,2022-03-06,2022,Heatwave,High,1.86,-23.86,67.03,93.35,83,Critical,23,1856396.79,1341064.55,High,172,44,70815.12
B0399,FINA_0399,Finance,Australia,Victoria,Melbourne,2021-01-05,2021,Cyclone,Critical,2.71,53.84,72.95,65.82,83,Critical,16,640595.15,336929.72,High,132,40,91277.33
B0400,MANU_0400,Manufacturing,Germany,Berlin,Berlin,2025-10-11,2025,Cyclone,Medium,2.52,11.4,79.45,44.79,65,High,15,782309.14,291750.25,Medium,252,24,139763.02
B0401,RETA_0401,Retail,Japan,Tokyo,Tokyo,2026-08-22,2026,Wildfire,High,1.17,-26.38,49.02,84.63,64,High,12,809346.08,651465.82,Medium,285,18,126980.21
B0402,CONS_0402,Construction,United States,Florida,Miami,2021-01-15,2021,Storm,High,1.08,19.36,68.02,90.49,84,Critical,22,1306981.7,1127242.93,High,287,25,205171.22
B0403,TECH_0403,Technology,Germany,Berlin,Berlin,2023-06-03,2023,Cyclone,Medium,0.95,9.13,69.16,26.4,38,Medium,9,142302.88,46802.29,Medium,169,27,23070.21
B0404,AGRI_0404,Agriculture,Brazil,Rio de Janeiro,Rio de Janeiro,2021-12-27,2021,Cyclone,High,2.75,10.04,57.83,68.23,60,Medium,23,1238124.22,436732.45,Medium,169,52,155893.52
B0405,AGRI_0405,Agriculture,Brazil,Rio de Janeiro,Rio de Janeiro,2026-05-18,2026,Flood,High,2.0,13.09,86.06,63.02,69,High,28,1341549.88,837807.43,High,165,62,133381.14
B0406,FINA_0406,Finance,Australia,New South Wales,Sydney,2026-06-22,2026,Flood,High,2.43,23.2,82.85,65.81,71,High,10,499822.17,232306.02,High,186,29,60062.71
B0407,AGRI_0407,Agriculture,India,West Bengal,Kolkata,2020-07-16,2020,Wildfire,Low,1.11,44.65,57.38,73.87,66,High,10,1491176.57,795496.24,High,128,31,48763.01
B0408,FINA_0408,Finance,Germany,Berlin,Berlin,2023-07-15,2023,Drought,Critical,2.16,-47.67,81.38,83.55,74,High,12,471962.93,224721.36,High,219,18,15753.1
B0409,TECH_0409,Technology,United States,Florida,Miami,2026-02-26,2026,Cyclone,High,2.49,-13.8,78.23,39.93,60,Medium,24,597131.24,371027.06,Medium,252,47,99501.66
B0410,HOSP_0410,Hospitality,Australia,New South Wales,Sydney,2025-01-05,2025,Wildfire,Medium,1.4,-24.61,53.38,78.73,60,Medium,13,803032.79,534022.52,Medium,167,22,80950.4
B0411,HOSP_0411,Hospitality,India,Tamil Nadu,Chennai,2026-03-05,2026,Drought,High,1.28,-9.8,65.14,65.61,57,Medium,21,582477.46,247664.07,Medium,224,57,27524.47
B0412,MANU_0412,Manufacturing,Germany,Bavaria,Munich,2025-06-07,2025,Storm,Medium,1.43,10.04,92.13,63.09,72,High,12,994233.67,350006.71,High,194,33,177635.76
B0413,ENER_0413,Energy,Australia,Queensland,Brisbane,2024-02-10,2024,Drought,High,2.02,-24.4,75.73,67.47,58,Medium,16,1133900.87,274738.62,Medium,226,20,40945.15
B0414,CONS_0414,Construction,Brazil,Bahia,Salvador,2020-11-17,2020,Heatwave,Medium,2.46,-7.4,73.01,60.45,70,High,15,994972.81,766299.95,High,152,34,174464.74
B0415,HEAL_0415,Healthcare,United States,Texas,Houston,2020-05-05,2020,Flood,Medium,2.49,16.24,72.92,58.14,65,High,9,1059213.42,229571.57,Medium,121,18,51310.1
B0416,TRAN_0416,Transportation,Brazil,Bahia,Salvador,2023-04-25,2023,Flood,High,2.26,62.34,52.46,78.8,69,High,20,1020786.9,631344.78,High,117,38,67415.51
B0417,CONS_0417,Construction,India,West Bengal,Kolkata,2020-05-13,2020,Flood,Low,1.9,-32.23,68.37,57.37,75,High,9,998686.74,122297.51,High,234,29,105119.16
B0418,ENER_0418,Energy,Brazil,Rio de Janeiro,Rio de Janeiro,2026-01-15,2026,Wildfire,High,1.49,4.49,70.76,56.01,58,Medium,29,926653.84,399240.51,Medium,69,57,52547.99
B0419,FINA_0419,Finance,Australia,New South Wales,Sydney,2020-12-24,2020,Heatwave,Low,1.46,8.35,66.21,52.86,69,High,9,772070.79,200957.2,High,132,13,36410.34
B0420,TECH_0420,Technology,Brazil,Bahia,Salvador,2021-01-03,2021,Cyclone,High,2.81,24.85,83.15,84.75,88,Critical,12,832365.58,410759.41,High,318,35,76401.91
B0421,CONS_0421,Construction,United States,New York,New York City,2024-10-10,2024,Heatwave,Medium,1.54,9.6,68.49,54.86,61,High,16,1124823.85,708065.18,Medium,217,31,182364.29
B0422,TRAN_0422,Transportation,United States,California,Los Angeles,2025-06-04,2025,Heatwave,Medium,0.63,-13.8,86.24,73.14,80,High,16,1059151.92,254661.81,High,203,26,35858.19
B0423,RETA_0423,Retail,Brazil,Bahia,Salvador,2024-12-18,2024,Heatwave,High,1.98,-17.88,67.03,67.01,66,High,12,1014078.6,417738.34,High,114,21,159654.29
B0424,TECH_0424,Technology,Germany,Hamburg,Hamburg,2025-12-14,2025,Wildfire,High,1.68,-12.84,88.76,85.14,100,Critical,15,1091061.04,422063.26,High,255,33,38633.82
B0425,TRAN_0425,Transportation,India,Maharashtra,Mumbai,2023-08-02,2023,Drought,High,2.1,-0.21,59.98,58.42,62,High,21,1162920.27,791300.42,Medium,199,50,114475.16
B0426,TECH_0426,Technology,Germany,Bavaria,Munich,2022-06-21,2022,Wildfire,Low,1.2,-16.05,60.08,69.28,76,High,1,571283.22,58317.31,High,184,16,30621.74
B0427,ENER_0427,Energy,India,Andhra Pradesh,Visakhapatnam,2020-08-02,2020,Storm,Medium,1.71,16.31,89.01,27.85,48,Medium,17,873251.95,327300.42,Medium,99,28,77210.09
B0428,MANU_0428,Manufacturing,Japan,Tokyo,Tokyo,2021-01-17,2021,Heatwave,High,1.65,2.54,79.29,64.04,79,High,23,1153349.43,485156.9,High,135,54,138154.5
B0429,HEAL_0429,Healthcare,India,Maharashtra,Mumbai,2026-02-11,2026,Flood,Low,1.78,-9.87,44.51,61.87,40,Medium,6,602349.9,169857.09,Medium,97,16,90237.62
B0430,HOSP_0430,Hospitality,India,Maharashtra,Mumbai,2022-12-02,2022,Heatwave,Low,1.21,23.55,78.32,48.76,58,Medium,8,708296.26,379199.19,Medium,206,18,83188.19
B0431,CONS_0431,Construction,Brazil,Rio de Janeiro,Rio de Janeiro,2023-05-24,2023,Storm,Medium,1.66,24.88,61.21,31.0,37,Medium,14,899812.22,452060.58,Medium,115,30,124073.26
B0432,FINA_0432,Finance,Australia,Victoria,Melbourne,2025-10-10,2025,Heatwave,Medium,1.5,-12.17,73.46,50.3,59,Medium,10,438079.41,122544.28,Medium,178,21,45543.06
B0433,MANU_0433,Manufacturing,Brazil,Rio de Janeiro,Rio de Janeiro,2025-07-03,2025,Storm,High,2.05,7.62,82.17,77.09,77,High,18,1186026.52,582382.93,High,156,30,57553.05
B0434,CONS_0434,Construction,Brazil,São Paulo,São Paulo,2024-04-14,2024,Cyclone,Critical,0.97,43.24,83.83,93.37,86,Critical,23,1073933.14,1000407.77,High,353,53,189080.61
B0435,CONS_0435,Construction,United States,Texas,Houston,2021-08-10,2021,Flood,Low,1.63,16.91,61.68,64.19,54,Medium,3,793136.0,224280.19,Medium,126,24,142240.72
B0436,HEAL_0436,Healthcare,Brazil,Bahia,Salvador,2024-04-04,2024,Drought,Medium,1.99,-12.97,48.09,72.15,53,Medium,17,639261.97,304617.97,Medium,78,48,53171.83
B0437,ENER_0437,Energy,United States,California,Los Angeles,2024-07-15,2024,Flood,High,2.75,46.43,94.57,53.47,83,Critical,18,1415970.58,602677.92,High,256,37,180998.98
B0438,HEAL_0438,Healthcare,Germany,Berlin,Berlin,2025-09-27,2025,Flood,Critical,2.55,3.29,73.5,76.74,61,High,18,928786.66,438542.29,Medium,87,48,156911.54
B0439,HOSP_0439,Hospitality,Japan,Tokyo,Tokyo,2022-05-22,2022,Drought,Critical,1.64,-9.48,74.78,56.89,69,High,24,1150957.54,541639.28,High,126,60,149613.79
B0440,FINA_0440,Finance,Japan,Osaka,Osaka,2025-12-10,2025,Flood,High,2.3,23.85,77.71,61.51,73,High,10,717150.72,331026.03,High,146,20,119635.48
B0441,MANU_0441,Manufacturing,India,Maharashtra,Mumbai,2022-09-27,2022,Storm,Medium,0.98,14.33,64.1,60.0,71,High,14,1465835.2,570089.72,High,283,25,175148.35
B0442,HEAL_0442,Healthcare,Japan,Aichi,Nagoya,2025-12-21,2025,Wildfire,High,1.82,-39.89,64.51,66.27,56,Medium,21,703262.29,196739.87,Medium,237,50,59574.86
B0443,TECH_0443,Technology,United States,New York,New York City,2025-07-13,2025,Cyclone,Medium,1.44,23.91,73.02,50.9,61,High,17,680914.42,78785.27,Medium,247,33,23199.43
B0444,HOSP_0444,Hospitality,Australia,Victoria,Melbourne,2021-01-20,2021,Storm,High,2.02,15.28,64.64,78.81,69,High,19,1007246.4,296185.97,High,195,35,49547.77
B0445,FINA_0445,Finance,India,Maharashtra,Mumbai,2025-10-05,2025,Storm,Medium,1.78,21.57,81.46,63.05,79,High,1,593356.34,88622.79,High,190,1,90033.28
B0446,MANU_0446,Manufacturing,Brazil,São Paulo,São Paulo,2020-07-03,2020,Heatwave,Medium,1.53,-51.92,85.35,62.55,85,Critical,12,1386049.73,469186.66,High,251,31,245283.72
B0447,CONS_0447,Construction,Germany,Berlin,Berlin,2021-07-08,2021,Cyclone,Medium,1.67,-18.31,68.54,46.7,53,Medium,15,1122536.21,898714.3,Medium,172,24,158030.36
B0448,HOSP_0448,Hospitality,Japan,Tokyo,Tokyo,2026-01-06,2026,Heatwave,High,2.38,-35.77,75.51,49.95,69,High,17,969579.57,448899.88,High,115,43,91533.77
B0449,MANU_0449,Manufacturing,India,Andhra Pradesh,Visakhapatnam,2026-02-27,2026,Cyclone,Critical,2.13,20.13,74.21,72.98,74,High,25,1224548.08,926288.79,High,134,42,166746.97
B0450,ENER_0450,Energy,Japan,Tokyo,Tokyo,2021-05-15,2021,Wildfire,Medium,2.06,-22.47,54.31,51.26,42,Medium,12,703032.25,338454.15,Medium,76,36,87799.84
B0451,RETA_0451,Retail,Germany,Hamburg,Hamburg,2020-03-28,2020,Wildfire,Medium,0.97,-7.6,94.41,40.71,58,Medium,11,722586.5,117592.42,Medium,234,21,58471.19
B0452,TECH_0452,Technology,United States,New York,New York City,2024-10-08,2024,Wildfire,Low,1.0,2.14,54.67,56.97,46,Medium,10,527975.46,299306.02,Medium,107,23,86829.26
B0453,AGRI_0453,Agriculture,Japan,Osaka,Osaka,2022-08-22,2022,Wildfire,Medium,2.16,8.71,70.39,80.69,89,Critical,20,1770266.14,1248536.61,High,327,50,229847.95
B0454,RETA_0454,Retail,Australia,Victoria,Melbourne,2022-06-19,2022,Storm,Medium,1.06,48.15,66.46,31.28,59,Medium,11,1002418.0,452644.68,Medium,239,27,81089.79
B0455,HEAL_0455,Healthcare,Australia,Victoria,Melbourne,2021-07-03,2021,Wildfire,High,1.39,-39.58,51.35,74.79,67,High,23,1064944.66,411915.55,High,152,35,123116.55
B0456,FINA_0456,Finance,Germany,Berlin,Berlin,2026-05-21,2026,Flood,Medium,1.72,13.47,62.42,63.88,61,High,8,694113.22,237166.58,Medium,106,24,122135.54
B0457,TRAN_0457,Transportation,Brazil,Bahia,Salvador,2025-06-11,2025,Heatwave,Medium,1.76,-15.91,49.49,43.36,43,Medium,15,673987.67,219256.35,Medium,102,21,70031.48
B0458,FINA_0458,Finance,Germany,Berlin,Berlin,2026-05-25,2026,Heatwave,Low,1.61,8.75,78.33,45.7,65,High,6,752383.72,258034.72,Medium,158,26,92922.39
B0459,CONS_0459,Construction,Japan,Osaka,Osaka,2026-08-16,2026,Wildfire,High,2.07,-9.71,63.91,83.78,65,High,20,723412.94,615470.9,Medium,149,49,33104.63
B0460,MANU_0460,Manufacturing,Germany,Hamburg,Hamburg,2022-10-28,2022,Heatwave,Low,1.89,-0.39,70.02,83.44,83,Critical,3,1278848.38,737509.21,High,214,28,147523.18
B0461,AGRI_0461,Agriculture,India,Maharashtra,Mumbai,2020-06-20,2020,Wildfire,High,2.29,-26.01,72.72,76.44,76,High,27,1438318.07,1006996.42,High,71,51,139869.86
B0462,CONS_0462,Construction,Brazil,Rio de Janeiro,Rio de Janeiro,2024-10-25,2024,Storm,Low,0.52,-0.03,74.26,68.78,70,High,7,1243178.0,372845.96,High,126,13,208548.27
B0463,HOSP_0463,Hospitality,Australia,Queensland,Brisbane,2021-10-03,2021,Heatwave,High,2.17,-9.52,78.31,84.81,72,High,20,1010043.44,467407.24,High,211,48,47984.93
B0464,TRAN_0464,Transportation,Australia,Queensland,Brisbane,2021-03-08,2021,Storm,Medium,0.86,11.33,50.82,62.41,58,Medium,11,778594.59,394601.55,Medium,166,22,126020.71
B0465,HEAL_0465,Healthcare,Brazil,Rio de Janeiro,Rio de Janeiro,2020-01-23,2020,Drought,Medium,3.33,3.58,68.98,63.42,64,High,9,1168158.72,302283.82,Medium,140,18,115399.57
B0466,HEAL_0466,Healthcare,Germany,Hamburg,Hamburg,2020-06-12,2020,Heatwave,Low,1.43,44.43,58.47,76.42,72,High,12,809333.32,337932.11,High,254,29,104157.43
B0467,CONS_0467,Construction,Japan,Osaka,Osaka,2026-06-01,2026,Storm,High,2.9,22.45,76.4,64.09,71,High,19,1231216.86,637262.57,High,111,44,60960.58
B0468,MANU_0468,Manufacturing,India,Andhra Pradesh,Visakhapatnam,2021-09-17,2021,Drought,Critical,2.42,-25.15,84.08,74.5,83,Critical,26,1415715.89,705156.2,High,226,50,81589.34
B0469,CONS_0469,Construction,India,Andhra Pradesh,Visakhapatnam,2023-11-26,2023,Heatwave,High,2.42,-6.7,85.94,56.9,65,High,24,1018028.6,310839.54,Medium,218,44,84949.87
B0470,HEAL_0470,Healthcare,Brazil,Rio de Janeiro,Rio de Janeiro,2026-07-04,2026,Drought,Low,0.62,-16.15,72.93,46.49,58,Medium,6,755647.71,175847.78,Medium,105,7,124481.91
B0471,ENER_0471,Energy,Australia,New South Wales,Sydney,2021-10-27,2021,Heatwave,Critical,2.78,-42.09,77.96,84.2,80,High,24,1250598.82,843652.63,High,154,48,175821.29
B0472,MANU_0472,Manufacturing,Japan,Aichi,Nagoya,2024-05-24,2024,Flood,High,1.44,33.4,93.75,70.44,93,Critical,19,1373672.85,773564.76,High,105,46,245747.01
B0473,HEAL_0473,Healthcare,Japan,Tokyo,Tokyo,2026-10-17,2026,Drought,Critical,2.36,-14.7,67.16,72.18,70,High,17,747089.43,618558.65,High,126,47,102419.72
B0474,RETA_0474,Retail,Japan,Aichi,Nagoya,2020-10-18,2020,Wildfire,High,1.71,18.91,81.14,92.11,90,Critical,18,913353.51,520922.44,High,172,42,116880.66
B0475,RETA_0475,Retail,Japan,Osaka,Osaka,2024-11-17,2024,Drought,Low,0.93,8.52,64.26,35.6,52,Medium,6,614071.96,305022.24,Medium,242,26,66446.9
B0476,AGRI_0476,Agriculture,Brazil,São Paulo,São Paulo,2021-05-26,2021,Cyclone,High,2.16,-7.67,74.34,72.03,74,High,21,1378711.86,661014.61,High,168,38,248163.38
B0477,MANU_0477,Manufacturing,United States,New York,New York City,2024-09-26,2024,Flood,High,0.72,4.7,73.98,72.2,69,High,20,1129527.44,360136.82,High,166,32,177608.4
B0478,ENER_0478,Energy,United States,California,Los Angeles,2024-09-16,2024,Flood,High,2.67,55.54,68.32,57.22,70,High,22,1220235.3,1028196.2,High,175,62,121188.64
B0479,TECH_0479,Technology,Brazil,São Paulo,São Paulo,2024-10-20,2024,Heatwave,Low,1.31,-26.23,64.38,61.53,49,Medium,11,604110.2,253260.1,Medium,213,22,29836.94
B0480,TECH_0480,Technology,Germany,Bavaria,Munich,2026-03-19,2026,Cyclone,Medium,1.46,13.33,52.64,69.03,57,Medium,7,775571.79,302577.77,Medium,159,14,48996.14
B0481,HOSP_0481,Hospitality,Japan,Aichi,Nagoya,2023-04-18,2023,Storm,Medium,1.72,-2.81,66.29,53.26,51,Medium,6,731771.17,281734.28,Medium,98,6,129158.02
B0482,ENER_0482,Energy,Brazil,São Paulo,São Paulo,2026-03-11,2026,Flood,Low,1.81,-28.76,62.66,42.64,50,Medium,8,743646.85,230639.34,Medium,171,22,64406.34
B0483,ENER_0483,Energy,India,Andhra Pradesh,Visakhapatnam,2022-06-02,2022,Storm,High,2.46,-6.5,70.47,46.12,52,Medium,11,1099467.71,355568.71,Medium,118,26,195352.01
B0484,TRAN_0484,Transportation,Australia,Queensland,Brisbane,2024-01-28,2024,Cyclone,Critical,2.24,63.87,81.32,73.96,81,Critical,26,1118053.9,744810.03,High,190,53,82810.95
B0485,RETA_0485,Retail,Japan,Aichi,Nagoya,2023-04-10,2023,Wildfire,High,1.95,-0.4,86.7,69.35,71,High,20,855126.71,497666.87,High,124,34,139419.58
B0486,TRAN_0486,Transportation,Germany,Berlin,Berlin,2020-09-14,2020,Cyclone,Low,1.33,-8.68,50.48,67.82,49,Medium,9,1075435.6,219385.05,Medium,102,23,94369.54
B0487,CONS_0487,Construction,Brazil,São Paulo,São Paulo,2025-03-12,2025,Wildfire,High,2.61,-8.56,68.95,80.42,76,High,22,1259460.69,470622.02,High,162,45,214461.36
B0488,RETA_0488,Retail,Japan,Osaka,Osaka,2023-06-11,2023,Drought,High,1.92,-43.98,72.25,69.43,49,Medium,14,741043.48,489625.23,Medium,126,32,123549.05
B0489,HEAL_0489,Healthcare,Japan,Aichi,Nagoya,2023-06-15,2023,Storm,High,1.64,-8.08,76.39,60.82,55,Medium,18,614281.1,293423.24,Medium,163,22,72252.32
B0490,HEAL_0490,Healthcare,Brazil,São Paulo,São Paulo,2025-03-17,2025,Wildfire,Low,0.04,18.8,67.36,57.56,68,High,7,808166.98,311702.45,High,96,23,76956.29
B0491,FINA_0491,Finance,Australia,Victoria,Melbourne,2021-04-22,2021,Cyclone,Medium,3.24,10.85,75.89,81.84,76,High,5,865855.05,409855.92,High,222,5,41285.11
B0492,TECH_0492,Technology,India,Maharashtra,Mumbai,2024-10-19,2024,Storm,Low,1.7,-12.59,56.71,36.19,56,Medium,8,695645.67,272896.31,Medium,168,17,68643.76
B0493,ENER_0493,Energy,Japan,Aichi,Nagoya,2024-07-01,2024,Storm,High,2.13,47.79,78.45,76.08,72,High,19,1234167.47,277732.73,High,152,36,42206.04
B0494,HEAL_0494,Healthcare,Japan,Tokyo,Tokyo,2023-09-27,2023,Cyclone,Medium,2.01,-27.16,68.58,59.0,62,High,11,768050.97,455374.74,Medium,218,34,33199.17
B0495,HEAL_0495,Healthcare,Germany,Hamburg,Hamburg,2023-03-12,2023,Wildfire,Medium,1.48,12.66,57.27,76.4,68,High,9,638835.83,252355.62,High,120,20,70968.23
B0496,TECH_0496,Technology,Brazil,Bahia,Salvador,2024-11-05,2024,Cyclone,High,1.74,-2.81,82.71,64.13,64,High,19,635792.22,263587.42,Medium,235,39,65174.97
B0497,FINA_0497,Finance,India,Andhra Pradesh,Visakhapatnam,2024-05-09,2024,Wildfire,High,1.85,-1.49,70.55,63.34,68,High,7,625277.0,114954.72,High,169,17,61498.83
B0498,ENER_0498,Energy,Brazil,Bahia,Salvador,2024-06-08,2024,Drought,Medium,1.91,18.06,90.3,73.31,78,High,18,1535909.41,242219.69,High,156,34,185143.3
B0499,TECH_0499,Technology,Australia,New South Wales,Sydney,2022-09-09,2022,Heatwave,High,1.61,-3.77,73.51,65.44,73,High,10,660287.04,325884.57,High,203,15,73985.1
B0500,HOSP_0500,Hospitality,United States,California,Los Angeles,2024-01-08,2024,Heatwave,Medium,1.04,-7.69,60.42,74.74,83,Critical,14,1333661.69,384741.19,High,214,38,76872.93
B0501,ENER_0501,Energy,Brazil,Rio de Janeiro,Rio de Janeiro,2026-01-28,2026,Wildfire,Low,1.12,-8.49,41.38,49.0,34,Medium,12,719482.23,119266.56,Low,118,30,98045.3
B0502,MANU_0502,Manufacturing,United States,Florida,Miami,2022-05-07,2022,Drought,Medium,2.56,-24.92,62.83,72.4,64,High,14,1034713.02,428263.78,Medium,148,14,179795.58
B0503,HEAL_0503,Healthcare,Brazil,São Paulo,São Paulo,2025-12-11,2025,Cyclone,High,2.27,-12.19,65.07,52.46,67,High,19,614085.12,154934.13,High,186,38,101368.33
B0504,CONS_0504,Construction,Japan,Aichi,Nagoya,2026-10-27,2026,Wildfire,Low,1.14,11.54,50.74,53.7,51,Medium,6,1072765.29,141149.19,Medium,201,9,143673.25
B0505,MANU_0505,Manufacturing,Germany,Bavaria,Munich,2025-03-08,2025,Drought,Low,1.35,17.61,61.03,69.01,69,High,5,1051699.19,358649.26,High,70,5,96842.45
B0506,TECH_0506,Technology,Japan,Aichi,Nagoya,2026-09-18,2026,Cyclone,High,2.12,23.92,75.35,53.91,59,Medium,14,601040.98,352950.3,Medium,80,40,80338.79
B0507,AGRI_0507,Agriculture,Brazil,Bahia,Salvador,2024-07-17,2024,Flood,High,1.44,63.7,100.0,57.08,75,High,24,1385288.44,629257.76,High,182,50,229215.87
B0508,AGRI_0508,Agriculture,Brazil,Rio de Janeiro,Rio de Janeiro,2022-06-26,2022,Wildfire,Critical,1.89,-25.88,60.15,75.01,65,High,33,1154677.92,480092.81,Medium,252,56,93374.25
B0509,AGRI_0509,Agriculture,Australia,Queensland,Brisbane,2024-12-28,2024,Cyclone,Medium,0.3,16.68,73.45,66.59,72,High,19,1215670.77,639670.02,High,153,32,167710.04
B0510,ENER_0510,Energy,Japan,Tokyo,Tokyo,2022-08-07,2022,Flood,Low,2.39,23.2,65.6,79.34,65,High,11,1163938.24,599311.12,Medium,149,29,102487.53
B0511,HEAL_0511,Healthcare,Brazil,Bahia,Salvador,2020-08-20,2020,Storm,Medium,1.97,12.12,72.04,58.56,64,High,2,679042.99,382133.41,Medium,225,7,105957.75
B0512,AGRI_0512,Agriculture,Australia,Victoria,Melbourne,2026-09-21,2026,Cyclone,Medium,1.16,-13.44,48.44,60.05,49,Medium,18,930137.69,541776.17,Medium,77,37,70405.94
B0513,TRAN_0513,Transportation,Brazil,Bahia,Salvador,2021-03-06,2021,Storm,High,2.26,10.37,73.04,83.71,77,High,20,1273943.02,784368.8,High,176,37,124042.45
B0514,CONS_0514,Construction,Japan,Aichi,Nagoya,2023-10-07,2023,Flood,Low,1.17,-25.75,49.9,38.31,39,Medium,4,768982.61,235883.74,Medium,89,4,76442.12
B0515,RETA_0515,Retail,United States,Florida,Miami,2020-04-25,2020,Cyclone,Low,0.8,-60.66,57.44,66.9,70,High,6,1018704.98,418667.93,High,106,10,137400.14
B0516,MANU_0516,Manufacturing,Brazil,Rio de Janeiro,Rio de Janeiro,2021-03-17,2021,Wildfire,High,1.16,-26.34,68.01,61.16,65,High,23,1091997.45,751591.79,Medium,127,62,151580.9
B0517,CONS_0517,Construction,Australia,New South Wales,Sydney,2026-03-27,2026,Drought,High,2.38,-21.62,54.1,81.18,63,High,24,936615.35,514735.42,Medium,201,43,87021.4
B0518,TRAN_0518,Transportation,Brazil,São Paulo,São Paulo,2020-04-10,2020,Flood,High,1.8,-5.01,80.94,70.45,72,High,25,1446605.45,699420.44,High,205,40,154676.01
B0519,ENER_0519,Energy,United States,California,Los Angeles,2021-08-09,2021,Drought,High,2.04,-11.7,98.37,56.5,85,Critical,18,1616281.24,549317.42,High,304,36,215319.11
B0520,CONS_0520,Construction,Brazil,Rio de Janeiro,Rio de Janeiro,2021-11-28,2021,Storm,Medium,1.75,3.69,61.41,73.43,71,High,10,1132854.89,276332.09,High,205,24,162336.18
B0521,TECH_0521,Technology,Brazil,Rio de Janeiro,Rio de Janeiro,2020-12-28,2020,Flood,Medium,1.85,27.25,72.55,41.98,51,Medium,7,342729.8,162510.82,Medium,155,31,33310.63
B0522,TECH_0522,Technology,Australia,Victoria,Melbourne,2020-11-08,2020,Heatwave,Critical,2.9,-25.42,69.22,69.88,57,Medium,16,612492.69,218493.9,Medium,108,21,74154.75
B0523,MANU_0523,Manufacturing,United States,Florida,Miami,2021-07-04,2021,Flood,High,2.15,34.74,67.83,57.81,66,High,24,1142228.98,583967.21,High,204,54,146585.98
B0524,TECH_0524,Technology,Australia,Queensland,Brisbane,2021-04-18,2021,Drought,Critical,0.87,-53.58,82.07,93.65,85,Critical,15,511091.56,247123.05,High,237,37,87693.19
B0525,AGRI_0525,Agriculture,Australia,Queensland,Brisbane,2023-05-02,2023,Flood,Low,2.0,-5.21,59.96,60.61,55,Medium,17,1275736.92,298574.01,Medium,98,46,196624.77
B0526,CONS_0526,Construction,India,Maharashtra,Mumbai,2024-08-27,2024,Storm,Critical,3.03,56.11,95.3,96.7,100,Critical,19,1865952.26,785845.63,High,246,40,265207.9
B0527,FINA_0527,Finance,Germany,Hamburg,Hamburg,2020-08-13,2020,Heatwave,Medium,1.73,-27.36,67.96,72.97,75,High,10,808500.6,907257.6,High,233,20,74591.55
B0528,ENER_0528,Energy,Australia,Victoria,Melbourne,2021-02-10,2021,Flood,Low,0.15,-29.84,78.72,56.64,58,Medium,16,818024.94,356444.08,Medium,214,33,134324.43
B0529,HEAL_0529,Healthcare,United States,Texas,Houston,2026-03-15,2026,Flood,Medium,2.36,-22.41,75.25,47.05,50,Medium,14,783368.36,236289.95,Medium,96,31,105680.55
B0530,TRAN_0530,Transportation,Japan,Tokyo,Tokyo,2025-04-06,2025,Drought,Medium,2.43,6.24,66.23,47.06,48,Medium,18,682563.78,354388.44,Medium,160,41,78480.19
B0531,CONS_0531,Construction,Australia,Victoria,Melbourne,2021-07-09,2021,Cyclone,Critical,1.81,41.51,75.83,81.27,83,Critical,26,1192390.49,924094.87,High,231,50,56433.67
B0532,HOSP_0532,Hospitality,Japan,Osaka,Osaka,2021-09-26,2021,Flood,Low,1.15,-27.37,82.77,41.67,65,High,18,944019.18,97581.04,Medium,98,44,57485.34
B0533,TECH_0533,Technology,Brazil,Rio de Janeiro,Rio de Janeiro,2021-09-06,2021,Drought,Medium,1.07,27.64,66.83,57.76,74,High,10,793227.2,393218.17,High,185,11,74886.38
B0534,TRAN_0534,Transportation,Brazil,Rio de Janeiro,Rio de Janeiro,2024-05-13,2024,Flood,Medium,1.86,-25.64,75.49,56.64,72,High,13,1006037.46,212786.36,High,191,29,156081.51
B0535,CONS_0535,Construction,Germany,Hamburg,Hamburg,2022-09-25,2022,Wildfire,Low,0.81,-7.8,52.76,74.0,64,High,9,881257.88,66492.97,Medium,193,25,38801.36
B0536,TECH_0536,Technology,Brazil,São Paulo,São Paulo,2025-08-28,2025,Flood,High,1.95,29.46,95.07,78.08,82,Critical,14,695603.08,352236.28,High,235,20,100487.43
B0537,TECH_0537,Technology,Japan,Aichi,Nagoya,2022-12-06,2022,Cyclone,High,1.43,48.56,76.13,50.98,55,Medium,13,596612.32,246639.35,Medium,163,38,31585.98
B0538,CONS_0538,Construction,United States,Texas,Houston,2021-04-27,2021,Drought,Low,1.34,14.34,61.32,59.52,64,High,7,1073165.34,29797.31,Medium,184,18,113186.84
B0539,FINA_0539,Finance,Germany,Berlin,Berlin,2021-10-23,2021,Cyclone,High,2.36,32.32,79.52,71.47,94,Critical,12,708439.19,218748.86,High,219,34,79768.67
B0540,FINA_0540,Finance,Australia,New South Wales,Sydney,2025-10-02,2025,Wildfire,Critical,2.41,-25.08,88.84,58.42,77,High,10,610955.14,525019.37,High,176,26,69342.97
B0541,CONS_0541,Construction,Australia,Queensland,Brisbane,2025-02-25,2025,Flood,High,2.0,1.7,66.57,76.86,74,High,14,962473.02,578019.46,High,164,33,85760.5
B0542,TRAN_0542,Transportation,Japan,Tokyo,Tokyo,2026-12-16,2026,Drought,Low,1.08,21.79,69.51,26.26,59,Medium,12,983468.93,0.0,Medium,196,31,124220.02
B0543,CONS_0543,Construction,Australia,Queensland,Brisbane,2020-09-18,2020,Heatwave,Critical,2.88,-36.56,100.0,96.73,100,Critical,24,1530573.53,455907.1,High,332,56,217173.64
B0544,TRAN_0544,Transportation,United States,New York,New York City,2025-05-18,2025,Storm,High,0.81,-14.32,77.19,58.93,57,Medium,21,1100728.37,285453.04,Medium,113,40,176187.56
B0545,TRAN_0545,Transportation,United States,Florida,Miami,2024-11-26,2024,Cyclone,Medium,1.44,7.29,62.58,66.99,64,High,13,1123998.13,249145.58,Medium,195,24,138543.38
B0546,RETA_0546,Retail,Australia,Queensland,Brisbane,2024-04-15,2024,Cyclone,Medium,1.77,33.18,69.08,86.9,65,High,11,733496.94,263464.04,Medium,191,34,72232.09
B0547,HEAL_0547,Healthcare,United States,Florida,Miami,2025-08-19,2025,Wildfire,High,1.8,-8.63,79.55,62.48,65,High,17,918075.33,368514.77,Medium,236,27,48820.71
B0548,FINA_0548,Finance,Australia,Queensland,Brisbane,2024-08-04,2024,Wildfire,Low,1.27,30.42,62.7,63.76,68,High,2,677303.27,171300.27,High,231,2,25326.51
B0549,ENER_0549,Energy,Brazil,São Paulo,São Paulo,2025-11-07,2025,Storm,Medium,1.59,10.57,75.12,65.3,70,High,24,1286910.57,561223.93,High,145,56,229638.63
B0550,MANU_0550,Manufacturing,Japan,Tokyo,Tokyo,2022-12-11,2022,Heatwave,Medium,1.02,32.18,56.91,81.27,80,High,16,1435117.38,931016.6,High,246,38,83263.27
B0551,MANU_0551,Manufacturing,Japan,Osaka,Osaka,2022-04-11,2022,Drought,Medium,2.04,6.91,77.67,56.54,58,Medium,17,1011914.37,157556.32,Medium,143,31,179942.78
B0552,RETA_0552,Retail,United States,Texas,Houston,2020-01-22,2020,Cyclone,High,2.01,20.93,67.6,71.77,80,High,16,1050480.05,898593.51,High,135,22,71939.24
B0553,MANU_0553,Manufacturing,India,Andhra Pradesh,Visakhapatnam,2023-04-06,2023,Wildfire,Medium,1.56,13.72,64.55,55.2,46,Medium,16,878735.32,457921.74,Medium,108,48,71661.45
B0554,AGRI_0554,Agriculture,India,Maharashtra,Mumbai,2022-07-02,2022,Flood,Low,0.77,-21.66,54.71,40.27,38,Medium,12,555083.74,166959.08,Medium,96,24,60893.5
B0555,AGRI_0555,Agriculture,Brazil,São Paulo,São Paulo,2025-09-09,2025,Wildfire,Medium,1.65,40.56,69.9,70.35,66,High,14,1192263.28,806796.04,High,157,30,172255.98
B0556,TECH_0556,Technology,Germany,Bavaria,Munich,2023-01-22,2023,Wildfire,Medium,1.25,-8.69,71.08,61.6,61,High,10,804852.29,363958.42,Medium,211,37,89988.03
B0557,AGRI_0557,Agriculture,Japan,Aichi,Nagoya,2021-10-10,2021,Cyclone,High,2.46,22.67,95.63,73.79,85,Critical,22,1789916.63,539122.17,High,197,51,166854.97
B0558,FINA_0558,Finance,India,Andhra Pradesh,Visakhapatnam,2026-08-03,2026,Storm,Medium,0.7,-13.21,54.25,47.86,51,Medium,8,356853.91,73437.68,Medium,167,12,42606.31
B0559,TRAN_0559,Transportation,Australia,Queensland,Brisbane,2023-09-04,2023,Storm,Medium,2.03,-35.39,47.08,67.78,51,Medium,10,1069243.67,540437.02,Medium,102,22,108649.87
B0560,ENER_0560,Energy,United States,California,Los Angeles,2020-02-05,2020,Heatwave,Medium,1.65,16.91,66.65,64.99,69,High,17,1318762.24,720310.89,High,151,33,235837.5
B0561,MANU_0561,Manufacturing,Australia,New South Wales,Sydney,2022-04-15,2022,Storm,Critical,2.33,63.69,72.71,69.39,68,High,26,1120066.98,0.0,High,182,49,194369.61
B0562,RETA_0562,Retail,Brazil,Rio de Janeiro,Rio de Janeiro,2026-08-16,2026,Wildfire,Low,1.03,16.06,56.88,40.5,46,Medium,14,861973.22,148887.01,Medium,188,31,44912.68
B0563,HEAL_0563,Healthcare,Brazil,Rio de Janeiro,Rio de Janeiro,2024-10-07,2024,Wildfire,High,1.95,6.46,66.74,43.64,57,Medium,13,801926.66,325060.46,Medium,140,27,54516.86
B0564,TECH_0564,Technology,Japan,Tokyo,Tokyo,2021-12-24,2021,Drought,Medium,0.38,-8.33,50.0,68.56,65,High,8,684468.25,346296.78,Medium,206,21,22860.38
B0565,CONS_0565,Construction,Germany,Bavaria,Munich,2024-03-10,2024,Storm,High,2.08,37.53,91.85,84.15,86,Critical,19,1296524.67,316237.41,High,231,19,176273.14
B0566,FINA_0566,Finance,Australia,Victoria,Melbourne,2021-07-04,2021,Heatwave,Medium,2.0,17.0,62.01,54.65,62,High,4,514343.96,162963.84,Medium,211,10,46817.17
B0567,HOSP_0567,Hospitality,India,West Bengal,Kolkata,2025-05-08,2025,Cyclone,Medium,1.39,26.19,83.18,54.87,64,High,12,864356.2,260590.38,Medium,96,30,26837.73
B0568,HEAL_0568,Healthcare,Japan,Tokyo,Tokyo,2023-04-21,2023,Wildfire,Medium,2.34,-15.92,85.59,62.23,62,High,20,722416.95,411490.88,Medium,205,43,23602.36
B0569,HEAL_0569,Healthcare,Japan,Osaka,Osaka,2020-02-09,2020,Storm,Low,1.36,-42.48,61.99,52.24,50,Medium,11,561499.75,228607.49,Medium,163,35,98522.08
B0570,AGRI_0570,Agriculture,India,Tamil Nadu,Chennai,2022-10-19,2022,Wildfire,High,2.03,1.86,73.39,42.63,43,Medium,23,756953.37,486708.64,Medium,98,60,126365.17
B0571,AGRI_0571,Agriculture,Germany,Berlin,Berlin,2026-10-24,2026,Storm,Medium,1.58,-21.94,85.63,68.66,79,High,18,1482497.58,471187.78,High,256,33,177207.8
B0572,FINA_0572,Finance,India,West Bengal,Kolkata,2021-01-01,2021,Drought,Critical,3.16,-60.54,80.39,70.66,78,High,13,597956.21,391074.46,High,291,13,75546.84
B0573,RETA_0573,Retail,Germany,Hamburg,Hamburg,2023-01-19,2023,Heatwave,Medium,1.5,16.4,85.32,77.65,89,Critical,14,1236318.72,673036.51,High,215,27,193707.93
B0574,ENER_0574,Energy,India,Andhra Pradesh,Visakhapatnam,2022-11-23,2022,Flood,High,1.91,-1.8,67.48,95.19,85,Critical,24,1455140.76,686218.57,High,148,60,117095.34
B0575,AGRI_0575,Agriculture,Japan,Aichi,Nagoya,2022-06-03,2022,Cyclone,Critical,1.74,15.3,81.2,86.19,71,High,32,1327110.83,488495.7,High,264,50,92527.91
B0576,AGRI_0576,Agriculture,United States,Florida,Miami,2026-06-03,2026,Cyclone,Medium,2.42,27.21,56.32,57.62,62,High,22,1166508.93,0.0,Medium,187,52,195396.15
B0577,RETA_0577,Retail,Australia,New South Wales,Sydney,2022-08-08,2022,Wildfire,Low,1.35,37.15,75.06,50.29,53,Medium,14,658979.83,66728.65,Medium,259,33,87790.72
B0578,MANU_0578,Manufacturing,Australia,Victoria,Melbourne,2022-07-11,2022,Storm,Medium,1.43,3.71,46.23,71.05,59,Medium,11,802560.48,251633.24,Medium,115,26,50877.12
B0579,HOSP_0579,Hospitality,India,Andhra Pradesh,Visakhapatnam,2020-05-06,2020,Drought,Medium,2.13,19.4,89.85,55.19,69,High,16,1106444.2,555990.95,High,251,25,96514.6
B0580,CONS_0580,Construction,Japan,Aichi,Nagoya,2022-10-14,2022,Flood,Medium,0.91,-18.0,75.53,84.62,81,Critical,19,1199318.26,72186.24,High,251,25,190674.77
B0581,ENER_0581,Energy,Australia,Victoria,Melbourne,2022-04-06,2022,Heatwave,Medium,1.44,-9.3,55.61,72.04,68,High,20,1066725.01,556575.75,High,179,43,101674.19
B0582,CONS_0582,Construction,Japan,Tokyo,Tokyo,2021-07-02,2021,Wildfire,High,2.56,8.64,93.12,83.21,76,High,25,1026898.75,34542.32,High,193,59,171660.42
B0583,RETA_0583,Retail,Germany,Berlin,Berlin,2021-05-02,2021,Flood,Medium,1.59,-18.13,84.33,74.3,69,High,15,645564.84,16421.56,High,238,35,21765.38
B0584,RETA_0584,Retail,United States,Texas,Houston,2026-02-14,2026,Cyclone,Critical,1.74,24.87,90.8,69.54,77,High,21,1034651.47,349679.25,High,195,34,125416.84
B0585,AGRI_0585,Agriculture,Australia,Victoria,Melbourne,2020-04-27,2020,Drought,Medium,1.13,9.26,71.08,37.1,53,Medium,19,935965.33,0.0,Medium,91,48,77537.13
B0586,MANU_0586,Manufacturing,Japan,Tokyo,Tokyo,2025-12-12,2025,Wildfire,High,2.59,29.1,54.05,49.07,61,High,21,867277.08,438530.6,Medium,101,43,128035.76
B0587,RETA_0587,Retail,Germany,Bavaria,Munich,2020-05-01,2020,Storm,Medium,1.89,8.34,64.3,70.42,78,High,11,1008243.15,286870.58,High,170,21,47785.11
B0588,HEAL_0588,Healthcare,Germany,Bavaria,Munich,2022-02-23,2022,Cyclone,High,2.88,-0.87,65.07,72.64,74,High,15,1111196.97,777175.78,High,234,48,73619.21
B0589,TRAN_0589,Transportation,India,Maharashtra,Mumbai,2022-10-06,2022,Wildfire,High,1.84,-36.92,67.6,71.17,68,High,24,1202898.11,427226.87,High,108,72,120844.03
B0590,HOSP_0590,Hospitality,United States,California,Los Angeles,2026-04-02,2026,Cyclone,Critical,2.77,72.23,77.32,83.01,86,Critical,27,1374136.91,629053.12,High,269,56,245675.18
B0591,MANU_0591,Manufacturing,Australia,New South Wales,Sydney,2021-02-17,2021,Heatwave,Medium,1.54,29.73,61.83,58.31,52,Medium,13,797573.81,211132.09,Medium,129,24,135672.23
B0592,ENER_0592,Energy,Brazil,São Paulo,São Paulo,2020-11-11,2020,Drought,High,2.54,-28.04,54.89,55.01,56,Medium,26,961638.48,232196.91,Medium,138,39,65491.58
B0593,FINA_0593,Finance,Brazil,Rio de Janeiro,Rio de Janeiro,2022-11-23,2022,Heatwave,Critical,2.17,-19.2,83.8,78.2,71,High,13,680951.61,495148.83,High,212,27,25676.67
B0594,ENER_0594,Energy,Australia,Victoria,Melbourne,2024-12-11,2024,Flood,Low,1.34,-4.29,53.89,63.87,45,Medium,9,708024.58,269875.05,Medium,98,24,42506.1
B0595,MANU_0595,Manufacturing,Germany,Berlin,Berlin,2022-11-28,2022,Drought,Medium,1.86,15.5,66.61,58.88,61,High,11,1113111.39,635635.2,Medium,65,11,45061.04
B0596,TECH_0596,Technology,Germany,Hamburg,Hamburg,2023-07-15,2023,Flood,High,1.69,48.07,74.9,63.96,61,High,14,653373.32,331573.14,Medium,256,33,75822.4
B0597,TRAN_0597,Transportation,Brazil,São Paulo,São Paulo,2021-05-04,2021,Storm,Low,2.54,-10.79,53.22,53.04,61,High,14,1014111.4,348990.35,Medium,136,22,126180.75
B0598,HOSP_0598,Hospitality,United States,Texas,Houston,2023-03-21,2023,Heatwave,Low,1.8,2.21,58.31,70.34,75,High,6,1161366.96,226877.56,High,180,9,141192.23
B0599,FINA_0599,Finance,Germany,Berlin,Berlin,2026-08-19,2026,Flood,High,1.86,8.03,93.43,93.65,86,Critical,11,654102.66,531212.78,High,193,18,39567.9
B0600,ENER_0600,Energy,Australia,Queensland,Brisbane,2025-03-13,2025,Storm,Low,1.16,-15.6,74.11,74.33,64,High,19,1369294.6,457986.58,Medium,143,29,147421.07
B0601,RETA_0601,Retail,Japan,Tokyo,Tokyo,2023-09-12,2023,Drought,Critical,2.73,-23.1,64.95,68.44,69,High,20,564682.05,373809.0,High,182,54,62055.38
B0602,RETA_0602,Retail,United States,Florida,Miami,2021-10-17,2021,Drought,Low,1.08,23.34,73.07,55.6,60,Medium,7,989595.56,880273.81,Medium,229,16,63213.11
B0603,CONS_0603,Construction,Japan,Aichi,Nagoya,2025-01-26,2025,Flood,Low,1.33,-35.42,55.1,64.94,60,Medium,15,1327824.74,40712.91,Medium,50,22,90059.83
B0604,ENER_0604,Energy,Australia,Victoria,Melbourne,2023-10-26,2023,Flood,Critical,2.58,13.0,74.94,91.05,82,Critical,24,1447183.59,505129.56,High,136,36,193384.52
B0605,TRAN_0605,Transportation,Germany,Berlin,Berlin,2026-07-25,2026,Drought,Low,0.9,22.34,55.52,60.5,46,Medium,4,862429.09,264691.13,Medium,188,4,140304.06
B0606,HEAL_0606,Healthcare,Japan,Osaka,Osaka,2022-11-26,2022,Heatwave,Low,1.24,25.21,64.25,53.82,57,Medium,6,729714.81,118951.84,Medium,99,6,91838.86
B0607,HEAL_0607,Healthcare,Australia,Victoria,Melbourne,2025-05-13,2025,Cyclone,Critical,2.4,35.11,56.26,55.1,52,Medium,27,771973.16,495357.91,Medium,41,65,104049.86
B0608,TRAN_0608,Transportation,Brazil,Rio de Janeiro,Rio de Janeiro,2021-03-04,2021,Drought,Critical,2.08,-38.78,79.65,64.47,68,High,26,1164634.82,628063.24,High,143,43,44955.62
B0609,HOSP_0609,Hospitality,Australia,New South Wales,Sydney,2023-03-19,2023,Drought,Medium,1.5,-14.24,64.16,64.6,57,Medium,11,659730.91,308241.94,Medium,127,22,31662.69
B0610,MANU_0610,Manufacturing,Germany,Berlin,Berlin,2024-12-07,2024,Heatwave,Low,1.56,-0.18,79.79,49.04,71,High,13,1145933.06,389682.15,High,234,27,143925.21
B0611,TECH_0611,Technology,Brazil,Rio de Janeiro,Rio de Janeiro,2025-05-20,2025,Cyclone,Medium,1.53,53.22,72.03,61.71,72,High,12,609935.62,284779.3,High,184,28,51820.69
B0612,CONS_0612,Construction,Germany,Berlin,Berlin,2024-06-07,2024,Heatwave,Medium,0.78,-8.12,57.2,54.09,55,Medium,11,823570.58,424321.47,Medium,77,30,111270.06
B0613,MANU_0613,Manufacturing,Brazil,São Paulo,São Paulo,2023-08-28,2023,Cyclone,Critical,2.16,40.92,60.53,100.0,75,High,24,1351546.37,892998.37,High,149,46,61005.09
B0614,HOSP_0614,Hospitality,Germany,Hamburg,Hamburg,2023-01-15,2023,Wildfire,Medium,1.23,-11.07,54.83,45.82,43,Medium,9,521405.25,272538.23,Medium,81,18,43874.42
B0615,TRAN_0615,Transportation,Australia,Victoria,Melbourne,2023-01-24,2023,Heatwave,High,3.04,2.51,89.43,76.8,76,High,18,1127120.82,642858.08,High,181,31,152253.61
B0616,AGRI_0616,Agriculture,Germany,Berlin,Berlin,2022-04-01,2022,Flood,Medium,0.98,-8.54,88.31,70.36,80,High,18,1284937.45,935937.91,High,195,49,180370.74
B0617,CONS_0617,Construction,Germany,Bavaria,Munich,2025-06-07,2025,Drought,Medium,1.75,-11.54,65.53,46.56,52,Medium,25,821290.44,236035.71,Medium,142,55,121930.9
B0618,ENER_0618,Energy,Australia,New South Wales,Sydney,2025-01-25,2025,Drought,Medium,2.22,-23.09,77.5,64.51,57,Medium,17,1164504.3,410757.26,Medium,257,23,99781.81
B0619,CONS_0619,Construction,United States,California,Los Angeles,2021-04-10,2021,Wildfire,Medium,1.45,-54.93,65.33,61.16,62,High,19,844899.92,582602.89,Medium,150,41,108930.29
B0620,TRAN_0620,Transportation,Japan,Tokyo,Tokyo,2022-12-19,2022,Cyclone,High,1.32,29.19,69.32,75.92,77,High,19,1263153.87,501142.71,High,210,45,152331.8
B0621,CONS_0621,Construction,Japan,Osaka,Osaka,2026-01-21,2026,Wildfire,Medium,1.4,13.73,67.35,71.87,86,Critical,16,1251364.71,497565.73,High,184,28,107728.81
B0622,FINA_0622,Finance,United States,California,Los Angeles,2025-06-22,2025,Flood,Medium,0.37,7.22,82.47,94.63,85,Critical,6,591417.49,220082.34,High,194,19,74380.66
B0623,TRAN_0623,Transportation,Australia,Queensland,Brisbane,2024-11-18,2024,Cyclone,Medium,2.02,16.56,54.22,72.16,62,High,19,1013630.79,316159.3,Medium,218,25,122782.38
B0624,ENER_0624,Energy,United States,Florida,Miami,2025-03-25,2025,Flood,Medium,1.35,-7.71,77.78,45.14,63,High,17,1150583.41,468964.92,Medium,196,43,39120.76
B0625,TRAN_0625,Transportation,Germany,Bavaria,Munich,2025-10-27,2025,Cyclone,Critical,2.88,62.72,73.09,53.7,62,High,28,1066232.64,799194.72,Medium,206,61,167860.12
B0626,MANU_0626,Manufacturing,Brazil,Rio de Janeiro,Rio de Janeiro,2021-01-24,2021,Drought,Medium,1.79,-3.02,87.59,80.56,97,Critical,18,1367252.53,619307.12,High,213,39,48429.52
B0627,AGRI_0627,Agriculture,Germany,Bavaria,Munich,2025-02-14,2025,Wildfire,Medium,1.42,-24.02,91.19,74.62,93,Critical,18,1803662.35,715918.73,High,191,37,168695.69
B0628,MANU_0628,Manufacturing,India,Tamil Nadu,Chennai,2025-02-26,2025,Heatwave,Low,2.17,41.15,56.95,64.47,66,High,6,1253176.49,75160.53,High,205,6,60649.26
B0629,AGRI_0629,Agriculture,Brazil,Rio de Janeiro,Rio de Janeiro,2024-11-07,2024,Cyclone,Medium,1.41,9.88,63.18,76.13,67,High,22,1295511.58,450913.9,High,148,44,193684.22
B0630,ENER_0630,Energy,Germany,Berlin,Berlin,2026-05-06,2026,Heatwave,Low,2.04,8.99,43.36,58.65,72,High,16,1371676.82,601433.16,High,113,29,224296.42
B0631,CONS_0631,Construction,United States,Texas,Houston,2022-07-09,2022,Heatwave,Medium,1.88,-11.89,44.23,59.59,60,Medium,17,1068052.7,887936.52,Medium,129,42,159278.58
B0632,TRAN_0632,Transportation,Australia,New South Wales,Sydney,2020-05-14,2020,Wildfire,High,1.16,-4.84,80.87,69.48,78,High,21,1258969.34,454757.44,High,183,45,145986.1
B0633,RETA_0633,Retail,Australia,Queensland,Brisbane,2024-03-01,2024,Flood,High,1.92,47.15,79.27,68.58,82,Critical,12,1164048.9,454938.83,High,113,12,93508.72
B0634,AGRI_0634,Agriculture,Japan,Tokyo,Tokyo,2023-02-28,2023,Wildfire,Low,1.92,-9.62,64.25,57.36,50,Medium,23,908330.62,437748.56,Medium,239,42,114778.76
B0635,TRAN_0635,Transportation,Brazil,São Paulo,São Paulo,2020-02-23,2020,Wildfire,High,2.87,16.4,79.09,66.51,82,Critical,23,1165589.86,924762.94,High,166,50,85974.72
B0636,HEAL_0636,Healthcare,India,Maharashtra,Mumbai,2022-05-10,2022,Drought,Low,1.12,21.38,74.84,39.64,53,Medium,1,394000.74,201328.87,Medium,211,9,21106.8
B0637,TECH_0637,Technology,Australia,New South Wales,Sydney,2023-04-13,2023,Storm,Low,1.86,-4.63,62.29,51.55,58,Medium,4,622590.75,217544.86,Medium,168,25,45270.16
B0638,HEAL_0638,Healthcare,Germany,Hamburg,Hamburg,2026-01-04,2026,Flood,Medium,0.74,11.27,66.38,69.04,67,High,13,821888.31,128304.81,High,198,19,101374.47
B0639,HEAL_0639,Healthcare,Germany,Berlin,Berlin,2021-06-10,2021,Drought,Low,1.22,-7.32,55.68,35.98,32,Medium,8,522090.89,217175.62,Low,99,23,47978.46
B0640,HOSP_0640,Hospitality,Japan,Aichi,Nagoya,2021-11-11,2021,Cyclone,Low,1.26,-22.75,100.0,39.2,65,High,3,896686.02,412097.53,Medium,148,7,56583.37
B0641,ENER_0641,Energy,United States,Florida,Miami,2023-04-11,2023,Drought,Critical,2.31,-29.72,75.72,54.33,67,High,25,1422965.99,773631.46,High,121,55,182668.82
B0642,HOSP_0642,Hospitality,Germany,Berlin,Berlin,2024-09-05,2024,Drought,High,2.32,-17.89,53.9,74.63,59,Medium,18,588907.89,295687.53,Medium,188,38,38210.9
B0643,FINA_0643,Finance,Australia,Victoria,Melbourne,2026-10-23,2026,Wildfire,Critical,3.35,-31.78,86.91,65.16,80,High,5,350345.4,145732.15,High,288,6,33425.72
B0644,CONS_0644,Construction,Japan,Osaka,Osaka,2023-06-09,2023,Flood,Medium,2.66,2.73,85.97,49.91,60,Medium,15,881249.39,362505.1,Medium,195,33,142699.95
B0645,AGRI_0645,Agriculture,Germany,Bavaria,Munich,2022-07-08,2022,Cyclone,Critical,1.97,49.46,83.08,75.84,68,High,29,1107882.44,590994.91,High,158,65,42566.54
B0646,AGRI_0646,Agriculture,United States,Texas,Houston,2024-10-26,2024,Wildfire,Medium,1.5,19.02,62.68,89.0,90,Critical,25,1757905.36,974356.76,High,269,43,151642.55
B0647,MANU_0647,Manufacturing,Japan,Osaka,Osaka,2025-11-13,2025,Flood,Critical,1.66,26.6,81.57,78.25,79,High,28,1086720.39,738874.24,High,159,54,76308.52
B0648,ENER_0648,Energy,Germany,Berlin,Berlin,2026-11-06,2026,Drought,Medium,2.91,-18.08,63.33,62.55,70,High,20,859116.96,609572.82,High,219,48,86531.63
B0649,HEAL_0649,Healthcare,Germany,Bavaria,Munich,2023-09-28,2023,Storm,Low,0.29,-17.67,60.86,62.3,59,Medium,6,928466.68,466660.28,Medium,150,23,77781.91
B0650,MANU_0650,Manufacturing,Japan,Aichi,Nagoya,2022-01-16,2022,Cyclone,Low,1.72,9.72,48.38,73.79,55,Medium,10,1082145.62,487585.25,Medium,167,29,152515.97
B0651,HOSP_0651,Hospitality,Australia,Victoria,Melbourne,2023-01-03,2023,Wildfire,Low,1.77,13.18,62.99,57.81,68,High,8,1121868.52,47669.64,High,163,20,73287.62
B0652,HEAL_0652,Healthcare,Australia,Victoria,Melbourne,2022-12-02,2022,Heatwave,High,1.9,-24.4,71.43,72.71,77,High,11,956958.93,622249.16,High,135,19,87669.81
B0653,FINA_0653,Finance,Australia,New South Wales,Sydney,2020-12-04,2020,Storm,High,1.19,6.09,54.65,56.22,59,Medium,11,600897.34,518747.78,Medium,118,28,49948.89
B0654,RETA_0654,Retail,India,Maharashtra,Mumbai,2020-02-14,2020,Heatwave,High,1.95,-23.44,79.8,95.74,86,Critical,9,811710.84,285397.09,High,247,28,85110.25
B0655,RETA_0655,Retail,Japan,Tokyo,Tokyo,2023-11-25,2023,Heatwave,High,1.62,-37.78,64.03,73.0,71,High,12,981751.91,319965.39,High,224,12,104245.86
B0656,RETA_0656,Retail,Australia,New South Wales,Sydney,2024-01-01,2024,Heatwave,Low,1.25,44.26,42.74,41.31,24,Low,15,448922.78,148961.88,Low,5,42,48886.96
B0657,HOSP_0657,Hospitality,Brazil,São Paulo,São Paulo,2023-01-21,2023,Drought,Low,1.18,66.82,52.66,40.09,44,Medium,10,797556.99,256561.64,Medium,185,19,135131.7
B0658,HEAL_0658,Healthcare,United States,Florida,Miami,2025-06-28,2025,Heatwave,High,1.92,-33.03,77.28,42.73,59,Medium,9,830181.06,749011.59,Medium,100,18,94662.37
B0659,TECH_0659,Technology,Brazil,Bahia,Salvador,2025-06-09,2025,Cyclone,High,2.62,49.85,61.63,61.53,55,Medium,15,372607.29,141971.46,Medium,188,20,24322.27
B0660,MANU_0660,Manufacturing,Japan,Aichi,Nagoya,2020-04-21,2020,Drought,Low,1.14,13.94,68.99,44.83,55,Medium,11,1085668.73,496447.58,Medium,161,26,82764.39
B0661,HOSP_0661,Hospitality,India,Tamil Nadu,Chennai,2026-03-15,2026,Drought,Low,1.81,-4.27,75.99,66.58,76,High,10,1279752.78,458737.37,High,190,30,67730.58
B0662,TRAN_0662,Transportation,Germany,Berlin,Berlin,2024-02-06,2024,Storm,Medium,1.46,-8.92,62.79,51.38,53,Medium,14,863452.01,332751.27,Medium,143,30,86969.22
B0663,CONS_0663,Construction,Germany,Bavaria,Munich,2026-03-19,2026,Flood,High,1.96,24.84,67.75,68.17,75,High,21,1115628.49,721799.63,High,128,34,80802.16
B0664,AGRI_0664,Agriculture,United States,Florida,Miami,2022-03-07,2022,Wildfire,Critical,2.04,-79.45,69.55,83.96,83,Critical,26,1417458.03,526596.03,High,269,51,60342.35
B0665,CONS_0665,Construction,United States,Florida,Miami,2024-11-10,2024,Heatwave,Medium,1.91,-1.09,54.01,42.25,46,Medium,16,703310.84,282130.61,Medium,30,35,95475.32
B0666,TECH_0666,Technology,Germany,Hamburg,Hamburg,2026-12-06,2026,Drought,Medium,2.19,0.8,73.97,60.65,57,Medium,3,797717.18,328486.07,Medium,200,12,47501.54
B0667,RETA_0667,Retail,Brazil,Bahia,Salvador,2022-10-24,2022,Storm,Low,1.7,-28.04,61.32,54.36,57,Medium,13,765830.75,224534.42,Medium,79,13,126413.14
B0668,HOSP_0668,Hospitality,Japan,Aichi,Nagoya,2022-10-19,2022,Heatwave,High,2.21,-24.84,71.77,94.69,89,Critical,14,1339775.7,639667.28,High,147,20,197377.45
B0669,AGRI_0669,Agriculture,India,Tamil Nadu,Chennai,2020-05-14,2020,Wildfire,Low,1.19,-3.59,57.36,73.8,64,High,17,1113192.13,0.0,Medium,228,48,194053.72
B0670,ENER_0670,Energy,Brazil,Bahia,Salvador,2020-02-20,2020,Flood,Medium,1.97,-1.91,74.68,60.68,64,High,19,1325518.9,464492.4,Medium,180,44,133898.03
B0671,CONS_0671,Construction,Germany,Bavaria,Munich,2025-11-09,2025,Wildfire,Medium,1.35,-8.67,61.58,58.85,65,High,12,834451.11,404302.68,Medium,164,23,34179.18
B0672,HOSP_0672,Hospitality,Japan,Aichi,Nagoya,2025-12-15,2025,Flood,Medium,2.33,-1.44,76.79,67.92,71,High,12,1199600.49,710947.91,High,120,32,112157.72
B0673,ENER_0673,Energy,Australia,New South Wales,Sydney,2022-10-12,2022,Wildfire,High,2.8,-45.25,75.43,63.25,63,High,24,953174.23,610021.09,Medium,142,47,48455.17
B0674,TRAN_0674,Transportation,Australia,Victoria,Melbourne,2020-06-18,2020,Drought,High,1.95,-1.5,75.47,59.61,53,Medium,13,819946.8,366656.33,Medium,21,24,39189.73
B0675,CONS_0675,Construction,Australia,New South Wales,Sydney,2026-10-17,2026,Storm,Critical,2.01,84.37,98.94,76.07,85,Critical,30,1391295.51,615448.35,High,141,58,133712.86
B0676,CONS_0676,Construction,United States,California,Los Angeles,2024-03-20,2024,Drought,Medium,1.76,10.21,49.95,56.23,67,High,22,973620.15,99537.89,High,181,41,170723.09
B0677,HOSP_0677,Hospitality,India,West Bengal,Kolkata,2025-09-17,2025,Drought,Medium,1.48,-10.74,74.26,67.62,71,High,16,865512.57,301968.04,High,106,22,131978.17
B0678,RETA_0678,Retail,Brazil,Rio de Janeiro,Rio de Janeiro,2022-11-20,2022,Drought,Medium,2.58,6.74,70.35,71.38,79,High,11,751079.66,254425.03,High,75,13,25932.14
B0679,ENER_0679,Energy,India,Andhra Pradesh,Visakhapatnam,2024-10-25,2024,Flood,Low,1.02,-29.51,65.12,66.77,74,High,15,1494078.3,278974.4,High,92,32,234928.58
B0680,ENER_0680,Energy,United States,New York,New York City,2023-09-25,2023,Drought,High,1.99,-34.69,53.05,53.96,48,Medium,25,803383.62,495295.59,Medium,188,48,116202.76
B0681,TECH_0681,Technology,Germany,Berlin,Berlin,2025-03-01,2025,Flood,High,2.35,30.23,86.18,83.67,88,Critical,10,915849.71,875649.58,High,240,30,97211.69
B0682,FINA_0682,Finance,Japan,Osaka,Osaka,2020-01-05,2020,Flood,Medium,1.83,2.89,72.46,53.48,59,Medium,2,437073.96,249848.64,Medium,175,20,15425.48
B0683,CONS_0683,Construction,United States,California,Los Angeles,2023-06-12,2023,Storm,Medium,1.59,43.01,63.82,69.01,66,High,10,1148625.99,353403.2,High,157,21,178414.97
B0684,AGRI_0684,Agriculture,Australia,Victoria,Melbourne,2021-03-08,2021,Cyclone,Medium,1.93,-9.68,76.76,74.52,76,High,22,1553456.39,464771.41,High,224,53,96615.22
B0685,MANU_0685,Manufacturing,Brazil,Bahia,Salvador,2023-03-15,2023,Drought,Medium,1.73,-22.02,70.58,81.44,79,High,11,1405516.6,420147.92,High,124,28,199051.35
B0686,AGRI_0686,Agriculture,Australia,Queensland,Brisbane,2023-08-08,2023,Storm,High,2.26,21.13,90.9,59.53,72,High,21,1398693.4,355721.46,High,182,38,159272.81
B0687,RETA_0687,Retail,Germany,Bavaria,Munich,2022-11-02,2022,Heatwave,Critical,1.55,-46.26,85.29,77.48,86,Critical,18,1225326.97,585558.36,High,229,30,165908.78
B0688,RETA_0688,Retail,India,Tamil Nadu,Chennai,2020-01-21,2020,Drought,High,1.26,-28.19,71.69,90.55,73,High,18,833026.55,350092.48,High,198,44,101362.33
B0689,MANU_0689,Manufacturing,Brazil,Rio de Janeiro,Rio de Janeiro,2020-04-06,2020,Wildfire,Low,0.48,20.9,57.07,77.85,77,High,13,1121966.41,279045.74,High,202,22,69748.59
B0690,CONS_0690,Construction,Germany,Berlin,Berlin,2024-10-23,2024,Wildfire,Low,1.79,29.52,61.91,63.26,66,High,14,1093742.84,264767.25,High,169,22,113694.67
B0691,AGRI_0691,Agriculture,Japan,Osaka,Osaka,2022-03-12,2022,Wildfire,Medium,1.62,15.55,64.89,71.68,73,High,12,1611302.99,724729.27,High,158,20,184477.47
B0692,TECH_0692,Technology,Japan,Tokyo,Tokyo,2023-02-22,2023,Wildfire,Medium,1.18,27.9,54.45,74.0,68,High,3,1149925.94,460511.21,High,138,8,184573.91
B0693,TECH_0693,Technology,India,Maharashtra,Mumbai,2022-04-09,2022,Wildfire,Critical,2.13,-40.71,82.19,90.27,88,Critical,12,594538.02,94962.96,High,269,27,90025.3
B0694,CONS_0694,Construction,Germany,Hamburg,Hamburg,2024-04-19,2024,Heatwave,Medium,1.45,29.11,72.38,66.63,60,Medium,18,887062.07,356268.49,Medium,118,20,75682.73
B0695,ENER_0695,Energy,Germany,Bavaria,Munich,2024-12-09,2024,Heatwave,Medium,2.04,-13.71,45.15,66.01,59,Medium,20,1037599.33,783416.17,Medium,160,40,175754.62
B0696,AGRI_0696,Agriculture,Brazil,Bahia,Salvador,2023-04-27,2023,Drought,Critical,2.7,-2.88,93.76,69.14,85,Critical,35,1735315.07,1168032.71,High,223,67,298736.44
B0697,RETA_0697,Retail,Japan,Osaka,Osaka,2022-03-27,2022,Cyclone,Critical,2.61,47.86,53.12,65.13,63,High,19,750248.34,570215.78,Medium,187,40,125236.93
B0698,AGRI_0698,Agriculture,United States,New York,New York City,2024-09-13,2024,Cyclone,Medium,1.12,-32.77,82.61,70.51,69,High,14,1338669.59,502667.09,High,119,27,240733.96
B0699,HEAL_0699,Healthcare,United States,Texas,Houston,2025-09-17,2025,Storm,High,1.83,25.65,75.55,48.46,51,Medium,10,628131.06,334785.28,Medium,178,21,110101.93
B0700,FINA_0700,Finance,Japan,Aichi,Nagoya,2020-08-19,2020,Cyclone,Critical,2.36,54.96,56.3,70.68,55,Medium,19,593475.9,459061.53,Medium,98,35,29941.83
B0701,TRAN_0701,Transportation,Brazil,Bahia,Salvador,2024-12-23,2024,Cyclone,Critical,2.79,36.17,89.79,84.59,89,Critical,28,1679325.17,959517.49,High,234,60,267814.38
B0702,CONS_0702,Construction,Germany,Bavaria,Munich,2023-02-16,2023,Cyclone,High,2.38,-5.9,90.92,48.31,74,High,9,1450577.39,621429.78,High,197,18,98665.0
B0703,MANU_0703,Manufacturing,Germany,Bavaria,Munich,2022-06-12,2022,Cyclone,Critical,2.19,38.53,66.34,90.56,79,High,23,1220515.94,600756.78,High,134,42,99811.15
B0704,HOSP_0704,Hospitality,United States,Texas,Houston,2023-08-11,2023,Storm,Medium,2.68,4.81,94.65,90.27,84,Critical,10,1349558.09,439638.42,High,227,15,173547.56
B0705,FINA_0705,Finance,Brazil,Bahia,Salvador,2020-04-25,2020,Heatwave,High,2.4,-12.39,66.7,59.29,55,Medium,6,126547.72,56377.03,Medium,123,12,16558.14
B0706,RETA_0706,Retail,Brazil,Rio de Janeiro,Rio de Janeiro,2023-07-03,2023,Storm,High,1.96,20.31,65.11,53.23,48,Medium,17,852414.28,575340.1,Medium,267,37,39228.08
B0707,TECH_0707,Technology,Germany,Berlin,Berlin,2022-02-27,2022,Drought,Medium,0.24,8.03,72.97,62.97,68,High,6,988546.14,195374.36,High,219,24,42211.42
B0708,FINA_0708,Finance,Australia,Victoria,Melbourne,2021-07-06,2021,Storm,Medium,2.04,-11.53,46.46,54.83,47,Medium,14,260667.43,81502.11,Medium,218,33,8823.83
B0709,AGRI_0709,Agriculture,Germany,Bavaria,Munich,2025-01-07,2025,Wildfire,Low,1.37,-1.93,59.18,57.76,59,Medium,20,1301841.8,260143.88,Medium,145,41,90870.37
B0710,RETA_0710,Retail,India,West Bengal,Kolkata,2025-10-27,2025,Heatwave,Medium,1.96,16.27,58.86,76.14,68,High,11,828958.13,384957.08,High,275,11,97046.6
B0711,FINA_0711,Finance,Australia,New South Wales,Sydney,2021-12-24,2021,Cyclone,High,2.08,32.2,77.05,61.23,61,High,17,582842.42,240822.94,Medium,166,40,27739.47
B0712,ENER_0712,Energy,Japan,Aichi,Nagoya,2024-02-18,2024,Heatwave,Medium,0.97,13.94,64.87,58.08,64,High,25,1517127.75,539409.42,Medium,189,36,161210.78
B0713,FINA_0713,Finance,Brazil,Rio de Janeiro,Rio de Janeiro,2021-08-23,2021,Wildfire,Low,0.04,8.66,77.84,68.23,68,High,12,586461.79,190785.77,High,183,26,24339.32
B0714,AGRI_0714,Agriculture,Germany,Hamburg,Hamburg,2020-02-09,2020,Flood,Medium,2.2,26.63,56.65,56.55,70,High,15,1482024.83,989385.78,High,275,15,212774.09
B0715,ENER_0715,Energy,Germany,Hamburg,Hamburg,2025-01-17,2025,Flood,High,2.32,56.67,71.58,58.17,57,Medium,29,1060102.93,570520.1,Medium,101,70,63603.82
B0716,AGRI_0716,Agriculture,Japan,Aichi,Nagoya,2020-11-10,2020,Wildfire,Medium,1.24,-12.34,93.18,62.06,80,High,18,1540622.12,798612.16,High,217,32,57696.59
B0717,HEAL_0717,Healthcare,Australia,Queensland,Brisbane,2021-12-02,2021,Heatwave,Medium,1.69,-19.7,61.82,81.71,71,High,11,1035454.62,629997.06,High,247,23,165063.55
B0718,TECH_0718,Technology,United States,New York,New York City,2026-11-13,2026,Cyclone,Critical,2.33,22.66,95.68,91.52,86,Critical,17,1221736.38,542311.43,High,297,41,154337.37
B0719,AGRI_0719,Agriculture,United States,California,Los Angeles,2025-11-05,2025,Storm,Critical,2.4,65.23,72.25,75.17,73,High,30,1420040.96,461534.06,High,159,66,89958.66
B0720,HEAL_0720,Healthcare,Germany,Bavaria,Munich,2020-10-07,2020,Flood,High,1.52,62.86,78.91,53.52,64,High,27,662428.02,371557.21,Medium,142,55,80250.23
B0721,ENER_0721,Energy,Brazil,Bahia,Salvador,2021-02-16,2021,Cyclone,High,1.39,30.04,36.76,100.0,72,High,23,1377810.42,856920.31,High,165,54,193465.48
B0722,MANU_0722,Manufacturing,India,Andhra Pradesh,Visakhapatnam,2022-02-02,2022,Drought,Critical,3.24,-8.78,73.82,71.05,71,High,19,1219555.2,753298.31,High,249,35,120785.33
B0723,RETA_0723,Retail,Japan,Aichi,Nagoya,2024-12-14,2024,Heatwave,Medium,1.34,0.63,76.23,60.32,72,High,17,925198.04,228900.69,High,141,41,69495.62
B0724,TRAN_0724,Transportation,United States,Florida,Miami,2022-06-06,2022,Flood,High,1.62,-4.84,78.96,65.9,66,High,20,982720.66,436160.69,High,200,43,133045.94
B0725,HOSP_0725,Hospitality,Germany,Berlin,Berlin,2026-11-08,2026,Storm,High,1.62,0.18,70.36,96.42,87,Critical,16,1293654.38,1025530.21,High,192,32,138326.29
B0726,RETA_0726,Retail,Germany,Bavaria,Munich,2021-01-23,2021,Flood,Low,1.3,42.58,57.65,61.06,48,Medium,9,596152.73,420595.56,Medium,186,12,24790.04
B0727,TECH_0727,Technology,Australia,Victoria,Melbourne,2021-01-20,2021,Storm,Low,1.39,-3.66,64.42,50.3,64,High,4,771083.24,31244.43,Medium,129,14,60288.46
B0728,TECH_0728,Technology,Brazil,São Paulo,São Paulo,2021-05-08,2021,Drought,Low,1.06,-8.72,60.18,50.74,54,Medium,9,449676.29,173219.96,Medium,5,17,28529.49
B0729,MANU_0729,Manufacturing,Japan,Tokyo,Tokyo,2020-06-20,2020,Storm,Low,1.74,-1.25,64.92,52.41,55,Medium,6,954095.53,346039.09,Medium,72,7,36339.37
B0730,MANU_0730,Manufacturing,Australia,New South Wales,Sydney,2021-09-23,2021,Wildfire,Critical,1.68,-71.4,66.2,55.96,72,High,32,1090901.88,566376.2,High,255,56,153269.09
B0731,ENER_0731,Energy,Brazil,São Paulo,São Paulo,2026-03-12,2026,Flood,Low,0.45,-12.39,53.66,60.07,41,Medium,10,751096.47,156457.36,Medium,65,20,56525.31
B0732,AGRI_0732,Agriculture,Germany,Bavaria,Munich,2020-08-09,2020,Cyclone,Critical,2.59,65.34,73.22,49.06,64,High,24,1102759.73,559682.79,Medium,234,48,100035.69
B0733,CONS_0733,Construction,Japan,Tokyo,Tokyo,2023-11-01,2023,Storm,Low,0.22,-0.85,57.68,60.94,61,High,14,1113418.04,695.08,Medium,75,29,165315.78
B0734,HOSP_0734,Hospitality,Germany,Berlin,Berlin,2025-05-12,2025,Storm,Low,0.87,-18.15,81.07,78.72,85,Critical,10,1165373.63,276345.66,High,209,32,54452.7
B0735,ENER_0735,Energy,Brazil,Bahia,Salvador,2022-12-08,2022,Cyclone,Medium,2.25,19.38,49.88,49.12,45,Medium,22,825925.61,210468.2,Medium,53,46,98263.57
B0736,HOSP_0736,Hospitality,Germany,Bavaria,Munich,2026-03-26,2026,Heatwave,Medium,1.01,-6.34,64.31,55.44,51,Medium,17,845428.68,239638.11,Medium,151,38,135137.63
B0737,ENER_0737,Energy,India,West Bengal,Kolkata,2026-02-23,2026,Wildfire,Medium,2.04,-32.91,71.35,87.7,81,Critical,19,1379906.76,568926.15,High,171,36,217093.75
B0738,RETA_0738,Retail,United States,New York,New York City,2021-08-06,2021,Storm,Critical,2.48,28.74,93.13,71.19,83,Critical,16,847927.19,504922.67,High,232,33,43858.99
B0739,HEAL_0739,Healthcare,Brazil,Rio de Janeiro,Rio de Janeiro,2024-03-26,2024,Flood,Medium,1.94,-14.4,81.72,46.49,66,High,14,630378.47,26994.08,High,141,26,67516.32
B0740,TECH_0740,Technology,Germany,Bavaria,Munich,2020-09-15,2020,Wildfire,Medium,1.37,12.46,62.74,44.83,48,Medium,5,678411.87,225686.28,Medium,14,5,79673.85
B0741,HEAL_0741,Healthcare,Australia,New South Wales,Sydney,2024-06-21,2024,Cyclone,Critical,2.02,29.24,62.26,61.25,69,High,15,779957.29,470282.05,High,105,38,58654.95
B0742,HEAL_0742,Healthcare,Japan,Aichi,Nagoya,2025-10-20,2025,Heatwave,High,1.47,-0.96,75.94,54.12,71,High,14,934826.34,442878.08,High,95,27,99144.81
B0743,CONS_0743,Construction,Germany,Berlin,Berlin,2020-11-25,2020,Cyclone,High,1.32,29.78,85.75,43.95,56,Medium,20,1001078.73,335577.18,Medium,237,52,76101.33
B0744,HOSP_0744,Hospitality,Brazil,Rio de Janeiro,Rio de Janeiro,2025-05-23,2025,Storm,Medium,2.07,19.29,46.67,67.05,54,Medium,18,995884.43,486858.32,Medium,141,37,127224.81
B0745,CONS_0745,Construction,India,Tamil Nadu,Chennai,2024-05-21,2024,Flood,Low,1.97,-19.37,72.23,48.07,44,Medium,8,617508.41,101600.93,Medium,71,33,23351.5
B0746,AGRI_0746,Agriculture,Brazil,Bahia,Salvador,2024-02-06,2024,Storm,High,1.54,16.67,87.65,71.32,67,High,16,1089827.31,129914.11,High,116,25,195042.86
B0747,HOSP_0747,Hospitality,Australia,Queensland,Brisbane,2026-04-05,2026,Cyclone,Critical,1.63,25.06,82.12,76.29,98,Critical,25,1425033.33,619871.51,High,270,42,106827.68
B0748,TRAN_0748,Transportation,India,Andhra Pradesh,Visakhapatnam,2023-06-02,2023,Wildfire,Medium,1.72,4.72,70.82,57.35,69,High,19,1137461.09,777969.98,High,180,38,144855.54
B0749,TRAN_0749,Transportation,Australia,Queensland,Brisbane,2024-05-21,2024,Flood,Low,0.92,-4.63,56.6,67.38,64,High,15,1108301.42,321034.07,Medium,174,28,64563.89
B0750,FINA_0750,Finance,Australia,New South Wales,Sydney,2024-11-05,2024,Storm,High,1.72,49.0,64.22,79.6,80,High,15,587025.54,297712.23,High,226,34,76974.04
B0751,FINA_0751,Finance,United States,California,Los Angeles,2024-03-23,2024,Drought,Medium,2.05,-17.35,86.6,83.22,91,Critical,13,817787.42,373506.02,High,259,36,121098.57
B0752,HEAL_0752,Healthcare,Brazil,São Paulo,São Paulo,2025-01-20,2025,Heatwave,High,1.88,-41.24,65.95,50.38,65,High,13,710981.24,509998.13,Medium,219,28,77334.96
B0753,MANU_0753,Manufacturing,Brazil,Bahia,Salvador,2024-11-08,2024,Drought,Low,1.36,11.92,63.25,63.75,56,Medium,20,990538.95,405589.84,Medium,130,39,84354.41
B0754,HOSP_0754,Hospitality,Brazil,Bahia,Salvador,2021-10-07,2021,Heatwave,Medium,1.26,13.91,76.42,40.12,50,Medium,19,936703.87,547175.39,Medium,168,68,58544.7
B0755,TECH_0755,Technology,Brazil,São Paulo,São Paulo,2022-01-18,2022,Drought,High,2.33,-43.29,73.57,51.67,56,Medium,9,506368.49,148297.52,Medium,184,11,45415.28
B0756,CONS_0756,Construction,Japan,Aichi,Nagoya,2020-02-01,2020,Wildfire,High,2.53,-38.8,86.86,73.34,76,High,20,1189245.72,297382.71,High,265,41,85686.71
B0757,AGRI_0757,Agriculture,Brazil,São Paulo,São Paulo,2026-10-01,2026,Wildfire,High,2.21,14.85,56.46,73.4,73,High,26,1103188.25,679924.06,High,198,50,106164.75
B0758,FINA_0758,Finance,Australia,New South Wales,Sydney,2024-12-22,2024,Storm,High,2.13,25.77,59.16,47.04,50,Medium,5,395785.97,148268.86,Medium,98,17,64536.42
B0759,RETA_0759,Retail,Australia,New South Wales,Sydney,2023-05-22,2023,Storm,Critical,2.17,40.78,69.99,68.77,83,Critical,14,1068490.06,558713.56,High,271,27,169077.25
B0760,AGRI_0760,Agriculture,Germany,Hamburg,Hamburg,2020-04-24,2020,Cyclone,Critical,1.68,46.12,77.11,76.46,77,High,29,1588739.07,976581.45,High,196,51,73691.04
B0761,CONS_0761,Construction,Brazil,Bahia,Salvador,2021-04-23,2021,Heatwave,Medium,1.79,-8.48,86.13,71.89,86,Critical,22,1225934.33,634894.18,High,218,39,79692.19
B0762,AGRI_0762,Agriculture,Germany,Berlin,Berlin,2021-07-09,2021,Flood,Low,1.4,-6.02,44.8,48.3,42,Medium,14,831661.53,37527.46,Medium,250,27,32391.15
B0763,HEAL_0763,Healthcare,Brazil,Rio de Janeiro,Rio de Janeiro,2026-07-18,2026,Wildfire,High,2.76,-30.7,68.89,59.2,56,Medium,15,660676.73,311342.46,Medium,78,15,108384.39
B0764,MANU_0764,Manufacturing,Australia,New South Wales,Sydney,2022-04-28,2022,Drought,Low,0.45,17.26,72.7,72.04,84,Critical,11,1498860.17,499746.55,High,234,35,152176.43
B0765,CONS_0765,Construction,Japan,Osaka,Osaka,2022-08-12,2022,Drought,Low,1.85,-2.35,65.95,45.75,61,High,9,809784.06,223015.37,Medium,224,24,30764.98
B0766,RETA_0766,Retail,Germany,Berlin,Berlin,2024-09-11,2024,Flood,High,1.43,34.53,81.35,57.69,67,High,15,782011.22,300261.89,High,130,39,69047.54
B0767,MANU_0767,Manufacturing,Australia,New South Wales,Sydney,2021-09-11,2021,Flood,High,1.15,19.35,76.46,63.9,71,High,13,1262241.61,418766.84,High,154,38,143253.36
B0768,CONS_0768,Construction,Germany,Hamburg,Hamburg,2023-03-04,2023,Drought,Critical,2.43,-63.45,75.08,81.15,78,High,20,1187034.6,738541.57,High,202,36,145047.71
B0769,FINA_0769,Finance,India,Tamil Nadu,Chennai,2021-05-10,2021,Heatwave,Medium,0.97,20.18,71.08,58.62,57,Medium,14,568818.14,177619.18,Medium,144,22,72116.65
B0770,ENER_0770,Energy,Australia,Queensland,Brisbane,2020-01-01,2020,Flood,Medium,1.78,-19.56,78.85,70.86,59,Medium,19,1044145.7,394547.69,Medium,71,38,92614.14
B0771,TECH_0771,Technology,Japan,Aichi,Nagoya,2023-12-06,2023,Heatwave,Critical,1.87,-31.79,90.11,66.72,69,High,9,578657.38,459097.64,High,144,23,59050.09
B0772,FINA_0772,Finance,Germany,Berlin,Berlin,2025-06-11,2025,Flood,High,1.85,29.45,76.21,43.49,60,Medium,11,615871.62,277850.02,Medium,218,31,101401.72
B0773,AGRI_0773,Agriculture,India,West Bengal,Kolkata,2024-02-09,2024,Drought,High,3.08,3.06,92.25,51.09,59,Medium,22,1108018.89,212646.17,Medium,223,44,198447.76
B0774,TECH_0774,Technology,Brazil,Rio de Janeiro,Rio de Janeiro,2024-10-24,2024,Heatwave,Medium,2.23,-18.47,64.53,54.39,66,High,14,625277.31,192058.31,High,179,24,106020.8
B0775,TRAN_0775,Transportation,India,Tamil Nadu,Chennai,2020-01-14,2020,Drought,Medium,1.8,-2.25,64.7,40.56,49,Medium,14,844044.72,21455.75,Medium,118,19,93290.12
B0776,FINA_0776,Finance,United States,California,Los Angeles,2025-05-18,2025,Drought,High,1.51,-7.65,62.95,68.98,68,High,9,557894.64,243932.65,High,156,38,58363.73
B0777,FINA_0777,Finance,India,Andhra Pradesh,Visakhapatnam,2022-12-23,2022,Cyclone,Medium,1.67,32.79,79.23,62.06,80,High,11,942397.35,358123.99,High,209,28,98981.06
B0778,CONS_0778,Construction,Germany,Hamburg,Hamburg,2021-04-26,2021,Drought,Low,1.06,-12.81,68.72,55.04,65,High,4,976835.19,803649.58,Medium,181,13,111568.76
B0779,TRAN_0779,Transportation,United States,California,Los Angeles,2024-06-15,2024,Wildfire,Medium,1.61,9.57,68.99,65.97,68,High,17,1304167.91,531650.15,High,134,38,130833.7
B0780,AGRI_0780,Agriculture,India,Tamil Nadu,Chennai,2021-11-03,2021,Cyclone,High,1.44,39.21,74.96,65.91,68,High,24,1126917.37,488264.89,High,171,39,193317.33
B0781,AGRI_0781,Agriculture,Germany,Berlin,Berlin,2025-01-25,2025,Drought,High,2.48,-31.37,56.98,67.07,62,High,18,1216844.67,427233.55,Medium,86,27,76870.9
B0782,ENER_0782,Energy,Brazil,Bahia,Salvador,2024-06-28,2024,Flood,High,1.99,38.38,78.1,55.92,65,High,24,1184459.74,338154.33,Medium,185,35,183751.49
B0783,ENER_0783,Energy,Brazil,Rio de Janeiro,Rio de Janeiro,2026-06-09,2026,Cyclone,Critical,2.22,67.43,64.12,69.84,73,High,31,1425797.8,288666.61,High,278,64,120299.95
B0784,HEAL_0784,Healthcare,United States,New York,New York City,2021-10-05,2021,Storm,Medium,1.73,52.0,73.14,47.73,58,Medium,10,877394.55,372529.15,Medium,87,26,107962.93
B0785,HOSP_0785,Hospitality,Brazil,Rio de Janeiro,Rio de Janeiro,2024-11-17,2024,Storm,Low,1.92,-42.81,61.56,50.72,53,Medium,11,974053.3,289704.16,Medium,95,16,91809.98
B0786,CONS_0786,Construction,Germany,Berlin,Berlin,2021-04-28,2021,Flood,Critical,2.14,33.15,71.77,81.42,82,Critical,33,1316688.39,549118.59,High,299,74,217139.96
B0787,FINA_0787,Finance,Germany,Bavaria,Munich,2024-03-07,2024,Flood,Low,0.97,-13.4,48.54,32.65,41,Medium,6,326631.53,123279.77,Medium,196,11,18994.07
B0788,TRAN_0788,Transportation,United States,Texas,Houston,2025-08-10,2025,Wildfire,High,1.41,-11.88,75.77,70.31,76,High,16,1467260.11,1263971.18,High,267,33,187190.76
B0789,FINA_0789,Finance,United States,Texas,Houston,2023-07-28,2023,Storm,High,2.07,25.77,77.21,70.74,75,High,12,585047.79,293939.88,High,290,30,73506.94
B0790,RETA_0790,Retail,United States,California,Los Angeles,2022-12-14,2022,Storm,Medium,1.18,18.92,67.0,51.62,59,Medium,14,482493.23,243064.11,Medium,166,28,84984.35
B0791,MANU_0791,Manufacturing,Brazil,Bahia,Salvador,2025-01-23,2025,Drought,Low,0.8,25.87,57.07,48.31,51,Medium,8,1075810.18,283492.79,Medium,101,8,104815.53
B0792,TECH_0792,Technology,Japan,Osaka,Osaka,2025-06-20,2025,Cyclone,High,1.52,6.05,66.31,66.41,68,High,9,814268.16,153267.14,High,179,20,119528.32
B0793,TECH_0793,Technology,Australia,Queensland,Brisbane,2025-03-05,2025,Flood,Medium,1.04,28.49,51.06,68.01,58,Medium,15,643419.83,137411.77,Medium,184,36,81650.93
B0794,MANU_0794,Manufacturing,Germany,Hamburg,Hamburg,2025-11-19,2025,Wildfire,High,1.86,3.19,80.35,64.29,72,High,14,1206536.6,978886.79,High,89,30,118644.37
B0795,CONS_0795,Construction,Australia,New South Wales,Sydney,2026-09-12,2026,Heatwave,Low,1.4,31.21,51.88,59.03,50,Medium,8,825275.22,175260.39,Medium,81,16,56691.91
B0796,FINA_0796,Finance,India,Andhra Pradesh,Visakhapatnam,2023-12-15,2023,Cyclone,High,1.75,39.57,68.95,53.37,55,Medium,8,655059.06,209905.47,Medium,122,26,20766.11
B0797,FINA_0797,Finance,Germany,Berlin,Berlin,2023-07-07,2023,Flood,Low,0.92,-0.19,53.48,50.51,60,Medium,4,431198.13,73165.93,Medium,198,18,48230.79
B0798,AGRI_0798,Agriculture,Australia,Queensland,Brisbane,2025-03-06,2025,Cyclone,Critical,2.18,28.71,100.0,72.28,88,Critical,29,1613219.23,682657.69,High,242,57,195012.52
B0799,TRAN_0799,Transportation,Australia,Queensland,Brisbane,2026-09-05,2026,Heatwave,Medium,1.71,27.15,58.19,66.65,58,Medium,12,1268432.49,453692.15,Medium,176,35,153621.78
B0800,AGRI_0800,Agriculture,Brazil,Rio de Janeiro,Rio de Janeiro,2022-05-08,2022,Wildfire,Critical,2.77,-34.91,100.0,68.57,88,Critical,34,1656068.34,444764.27,High,184,66,241119.81
B0801,CONS_0801,Construction,India,Tamil Nadu,Chennai,2025-05-25,2025,Storm,High,1.66,10.19,94.08,53.58,73,High,18,1343606.44,746622.92,High,257,38,192457.4
B0802,ENER_0802,Energy,Japan,Osaka,Osaka,2026-03-24,2026,Cyclone,Medium,1.81,21.22,64.4,83.24,74,High,19,1217358.79,564363.31,High,298,43,168391.24
B0803,AGRI_0803,Agriculture,Germany,Hamburg,Hamburg,2022-12-21,2022,Wildfire,High,1.04,-3.65,76.72,68.71,69,High,28,1101034.64,694454.39,High,103,50,34603.82
B0804,FINA_0804,Finance,Japan,Aichi,Nagoya,2023-08-16,2023,Wildfire,Medium,1.51,-0.69,65.48,42.96,55,Medium,6,514522.22,240345.64,Medium,178,17,74152.6
B0805,HEAL_0805,Healthcare,Australia,Queensland,Brisbane,2020-06-05,2020,Drought,Medium,2.13,13.06,64.96,47.31,60,Medium,6,830147.12,235938.26,Medium,110,9,111702.99
B0806,AGRI_0806,Agriculture,United States,Florida,Miami,2026-07-26,2026,Cyclone,Medium,0.76,17.86,70.76,58.24,60,Medium,20,1214739.04,875191.36,Medium,123,49,42809.4
B0807,RETA_0807,Retail,Brazil,São Paulo,São Paulo,2024-09-01,2024,Flood,Medium,1.67,8.68,64.02,63.07,72,High,15,1021202.32,426470.27,High,183,20,113340.59
B0808,TRAN_0808,Transportation,United States,Florida,Miami,2025-06-19,2025,Cyclone,High,2.22,26.68,73.01,55.2,51,Medium,19,879209.39,456875.77,Medium,25,49,46481.61
B0809,MANU_0809,Manufacturing,Germany,Bavaria,Munich,2022-05-17,2022,Drought,High,1.72,-30.21,71.01,58.62,62,High,24,1136783.74,415446.03,Medium,179,39,75660.52
B0810,HOSP_0810,Hospitality,United States,California,Los Angeles,2025-08-09,2025,Flood,Critical,2.23,80.72,62.78,58.04,54,Medium,22,617745.52,259702.47,Medium,104,46,50326.54
B0811,RETA_0811,Retail,Germany,Berlin,Berlin,2021-02-17,2021,Cyclone,Critical,2.69,57.23,74.4,63.61,70,High,30,893551.72,409071.92,High,110,62,123235.7
B0812,AGRI_0812,Agriculture,Japan,Aichi,Nagoya,2020-08-10,2020,Drought,Low,1.52,-9.64,61.62,46.69,52,Medium,15,1082961.21,121949.6,Medium,187,28,157086.1
B0813,HEAL_0813,Healthcare,Japan,Tokyo,Tokyo,2023-07-28,2023,Wildfire,High,1.99,-3.82,65.68,73.94,72,High,12,808824.8,342209.84,High,97,27,100909.08
B0814,HOSP_0814,Hospitality,Japan,Aichi,Nagoya,2020-04-18,2020,Flood,Medium,0.96,1.28,61.21,56.38,48,Medium,12,989313.16,487333.35,Medium,88,27,136072.59
B0815,AGRI_0815,Agriculture,India,Tamil Nadu,Chennai,2026-03-16,2026,Flood,Medium,2.21,30.34,88.0,50.64,73,High,16,1343084.71,595669.92,High,215,32,72538.54
B0816,FINA_0816,Finance,Australia,New South Wales,Sydney,2020-09-15,2020,Drought,Medium,2.52,-9.36,62.16,61.86,65,High,8,688554.44,270803.53,Medium,11,22,116688.54
B0817,TRAN_0817,Transportation,Germany,Bavaria,Munich,2023-06-13,2023,Heatwave,Medium,1.47,11.38,75.11,90.29,89,Critical,20,1470699.8,697504.14,High,189,38,168854.46
B0818,HOSP_0818,Hospitality,Germany,Hamburg,Hamburg,2021-02-18,2021,Wildfire,Low,1.56,40.42,64.65,60.02,60,Medium,10,923529.31,84248.54,Medium,148,25,82654.75
B0819,TECH_0819,Technology,Brazil,Bahia,Salvador,2025-04-14,2025,Heatwave,High,2.42,5.69,90.31,72.26,96,Critical,9,1027244.92,748625.0,High,223,36,158272.38
B0820,TECH_0820,Technology,India,Andhra Pradesh,Visakhapatnam,2020-11-17,2020,Flood,High,1.83,28.21,71.61,55.69,61,High,24,407332.87,239321.46,Medium,208,60,58967.47
B0821,TECH_0821,Technology,Japan,Aichi,Nagoya,2022-07-06,2022,Heatwave,Low,1.65,-2.07,54.22,53.13,59,Medium,6,502376.92,171943.41,Medium,140,27,30486.99
B0822,CONS_0822,Construction,United States,California,Los Angeles,2020-07-02,2020,Cyclone,High,1.78,8.92,89.76,80.65,79,High,22,1112656.24,966694.81,High,225,57,160768.08
B0823,TECH_0823,Technology,Germany,Berlin,Berlin,2021-08-03,2021,Wildfire,Medium,1.11,-9.19,66.12,52.03,56,Medium,10,476853.74,200334.66,Medium,150,23,79845.88
B0824,HEAL_0824,Healthcare,Germany,Hamburg,Hamburg,2021-10-28,2021,Flood,Medium,1.42,-13.21,57.36,58.23,68,High,12,1065620.7,368546.07,High,302,24,41869.14
B0825,MANU_0825,Manufacturing,United States,Texas,Houston,2025-01-25,2025,Wildfire,High,2.21,-19.5,68.21,62.39,72,High,14,1162903.72,849720.4,High,167,22,72943.25
B0826,AGRI_0826,Agriculture,India,Tamil Nadu,Chennai,2022-02-06,2022,Wildfire,Medium,1.51,-37.94,58.92,65.42,61,High,13,1085188.3,456742.3,Medium,122,19,101804.84
B0827,AGRI_0827,Agriculture,Brazil,Rio de Janeiro,Rio de Janeiro,2022-10-18,2022,Drought,Medium,1.57,37.62,58.81,86.22,88,Critical,18,1535972.64,264656.9,High,184,55,251393.8
B0828,AGRI_0828,Agriculture,Australia,Victoria,Melbourne,2024-07-04,2024,Wildfire,Low,1.34,11.68,57.92,34.71,37,Medium,18,768069.21,494552.06,Medium,219,42,103272.35
B0829,HOSP_0829,Hospitality,Brazil,Bahia,Salvador,2024-12-11,2024,Drought,Low,0.91,6.03,45.01,82.05,60,Medium,16,650071.98,350115.9,Medium,239,31,100515.25
B0830,RETA_0830,Retail,Brazil,São Paulo,São Paulo,2022-06-07,2022,Flood,Medium,2.04,5.85,61.78,71.05,65,High,11,759742.29,494676.31,Medium,110,18,111826.34
B0831,RETA_0831,Retail,Germany,Hamburg,Hamburg,2020-08-25,2020,Flood,High,1.75,37.99,79.24,96.15,90,Critical,8,1101919.4,936242.04,High,308,27,79628.37
B0832,ENER_0832,Energy,India,West Bengal,Kolkata,2023-06-10,2023,Flood,High,1.73,16.85,74.65,100.0,86,Critical,16,1760101.16,833764.27,High,227,23,98981.92
B0833,TECH_0833,Technology,Japan,Aichi,Nagoya,2025-03-26,2025,Cyclone,Low,0.7,-25.6,46.25,34.2,60,Medium,12,513808.98,158875.77,Medium,117,35,20387.48
B0834,RETA_0834,Retail,Australia,New South Wales,Sydney,2025-02-27,2025,Cyclone,High,1.22,22.93,66.9,68.93,70,High,17,809445.42,314327.55,High,121,37,92584.58
B0835,TRAN_0835,Transportation,Germany,Bavaria,Munich,2020-05-27,2020,Drought,High,1.73,-19.94,93.5,77.08,71,High,23,1288696.04,468164.3,High,183,41,116723.87
B0836,MANU_0836,Manufacturing,Japan,Osaka,Osaka,2026-09-15,2026,Cyclone,Medium,2.2,7.21,49.35,76.81,63,High,16,1114236.34,676605.05,Medium,152,39,39172.0
B0837,ENER_0837,Energy,India,Andhra Pradesh,Visakhapatnam,2020-02-03,2020,Heatwave,High,2.2,-20.9,73.15,60.82,59,Medium,14,1391310.95,513852.81,Medium,264,19,66466.99
B0838,TRAN_0838,Transportation,United States,Florida,Miami,2022-12-27,2022,Storm,Medium,1.19,5.93,54.97,51.46,47,Medium,20,854383.93,293007.14,Medium,218,52,61792.87
B0839,FINA_0839,Finance,United States,New York,New York City,2024-05-23,2024,Heatwave,Medium,1.89,-11.3,85.75,84.39,85,Critical,7,694011.95,207134.86,High,211,13,61602.7
B0840,HOSP_0840,Hospitality,Japan,Osaka,Osaka,2023-01-21,2023,Flood,Critical,2.2,57.59,57.5,95.17,79,High,24,1021041.13,421603.67,High,147,53,132889.84
B0841,TECH_0841,Technology,Australia,New South Wales,Sydney,2020-05-28,2020,Heatwave,Medium,0.86,17.42,58.8,51.76,33,Medium,5,304859.58,95689.94,Low,5,21,39746.66
B0842,TECH_0842,Technology,Japan,Tokyo,Tokyo,2020-04-09,2020,Cyclone,Medium,1.64,1.19,44.7,58.23,56,Medium,11,348966.41,142351.2,Medium,138,30,31753.48
B0843,CONS_0843,Construction,India,Andhra Pradesh,Visakhapatnam,2022-06-13,2022,Wildfire,Low,1.29,24.46,58.38,52.05,49,Medium,12,653724.8,334193.31,Medium,127,21,61485.97
B0844,FINA_0844,Finance,Germany,Hamburg,Hamburg,2022-08-26,2022,Wildfire,High,0.84,-47.73,64.68,76.62,75,High,12,610740.69,168315.26,High,192,15,107469.17
B0845,RETA_0845,Retail,Japan,Osaka,Osaka,2026-07-25,2026,Storm,Critical,2.41,38.29,76.82,76.5,74,High,25,961308.07,314895.09,High,172,48,123402.23
B0846,HOSP_0846,Hospitality,Brazil,Rio de Janeiro,Rio de Janeiro,2026-03-18,2026,Storm,High,2.44,14.86,81.21,82.8,77,High,17,1183691.59,745884.68,High,206,34,88152.74
B0847,CONS_0847,Construction,Germany,Bavaria,Munich,2024-01-03,2024,Heatwave,High,2.04,-18.8,76.13,73.41,65,High,21,982062.26,485783.94,Medium,132,34,95910.4
B0848,AGRI_0848,Agriculture,United States,Texas,Houston,2022-06-11,2022,Heatwave,Medium,2.15,0.94,54.69,52.3,61,High,16,1300306.91,419604.75,Medium,200,24,158905.28
B0849,TECH_0849,Technology,Brazil,Bahia,Salvador,2025-09-22,2025,Wildfire,Critical,2.71,-65.94,94.21,61.98,71,High,11,929655.69,496084.65,High,180,19,80731.01
B0850,TECH_0850,Technology,Germany,Hamburg,Hamburg,2022-01-19,2022,Storm,Medium,1.28,0.65,71.46,63.18,65,High,11,758487.88,273347.03,Medium,146,18,121096.48
B0851,HEAL_0851,Healthcare,United States,Texas,Houston,2024-01-10,2024,Cyclone,Medium,2.82,0.16,61.48,78.15,66,High,17,769064.04,499506.51,High,184,28,68203.62
B0852,ENER_0852,Energy,Japan,Tokyo,Tokyo,2021-03-14,2021,Storm,Medium,1.86,29.46,49.1,54.36,57,Medium,10,1139506.0,866127.39,Medium,212,27,160168.74
B0853,ENER_0853,Energy,Brazil,São Paulo,São Paulo,2020-11-27,2020,Heatwave,Medium,2.02,-19.64,43.13,61.85,53,Medium,19,1022348.03,239003.18,Medium,46,50,57966.65
B0854,CONS_0854,Construction,Australia,New South Wales,Sydney,2026-11-10,2026,Cyclone,High,2.4,27.66,85.98,42.25,55,Medium,14,965748.99,1815.09,Medium,134,33,149924.32
B0855,TECH_0855,Technology,India,Maharashtra,Mumbai,2026-02-06,2026,Heatwave,Critical,2.57,-58.76,86.13,81.35,84,Critical,19,596396.31,395631.22,High,221,36,61005.27
B0856,MANU_0856,Manufacturing,Brazil,São Paulo,São Paulo,2023-09-08,2023,Flood,Medium,1.31,5.34,57.52,77.9,61,High,24,1293075.78,471060.68,Medium,251,43,125321.93
B0857,MANU_0857,Manufacturing,United States,California,Los Angeles,2023-10-05,2023,Cyclone,High,1.95,53.31,65.29,77.34,70,High,21,1051757.53,463378.31,High,191,43,61240.88
B0858,FINA_0858,Finance,Brazil,São Paulo,São Paulo,2025-04-18,2025,Drought,Medium,2.34,-4.16,56.63,60.98,61,High,6,414015.5,123844.08,Medium,125,8,53632.72
B0859,HEAL_0859,Healthcare,India,Andhra Pradesh,Visakhapatnam,2021-10-13,2021,Wildfire,Medium,1.2,-31.87,82.81,61.38,70,High,8,604999.21,157420.92,High,216,10,93981.29
B0860,TRAN_0860,Transportation,Australia,Queensland,Brisbane,2021-11-03,2021,Drought,Medium,2.47,14.77,83.74,89.97,75,High,12,1176895.32,650165.89,High,206,31,167297.36
B0861,TECH_0861,Technology,India,West Bengal,Kolkata,2020-02-24,2020,Heatwave,Critical,2.42,-29.06,87.69,67.81,85,Critical,12,972355.46,337756.57,High,206,13,38026.85
B0862,CONS_0862,Construction,Brazil,São Paulo,São Paulo,2026-05-15,2026,Storm,Low,1.93,-10.92,45.68,77.81,53,Medium,8,765725.06,237311.3,Medium,117,10,39440.4
B0863,CONS_0863,Construction,United States,Texas,Houston,2020-01-11,2020,Storm,Medium,1.42,-4.84,74.45,68.09,63,High,18,1213324.02,597927.1,Medium,106,31,152757.24
B0864,TRAN_0864,Transportation,Brazil,Bahia,Salvador,2026-03-22,2026,Storm,Medium,1.42,-46.49,72.18,65.27,70,High,13,1550775.83,944301.65,High,168,29,190260.38
B0865,CONS_0865,Construction,United States,Florida,Miami,2020-03-22,2020,Cyclone,Medium,1.5,24.43,67.68,72.49,70,High,18,1241819.31,26521.52,High,116,39,222355.96
B0866,MANU_0866,Manufacturing,Japan,Osaka,Osaka,2024-08-16,2024,Storm,High,1.89,40.08,67.15,100.0,80,High,29,1165760.34,617020.49,High,248,62,199856.6
B0867,AGRI_0867,Agriculture,Brazil,São Paulo,São Paulo,2020-01-05,2020,Wildfire,Medium,2.2,-6.12,46.24,67.3,57,Medium,12,1056473.05,786984.75,Medium,167,24,47188.41
B0868,AGRI_0868,Agriculture,United States,New York,New York City,2025-01-05,2025,Drought,Medium,2.0,-16.48,69.62,78.95,81,Critical,24,1210368.87,221071.81,High,108,60,111169.38
B0869,TRAN_0869,Transportation,Brazil,Bahia,Salvador,2023-12-11,2023,Heatwave,Medium,0.96,-21.3,83.13,63.57,66,High,7,999610.25,190886.93,High,80,24,39643.91
B0870,RETA_0870,Retail,Japan,Tokyo,Tokyo,2021-05-21,2021,Heatwave,Low,0.27,-3.16,43.3,58.0,52,Medium,4,820439.15,266534.81,Medium,220,12,48034.71
B0871,HEAL_0871,Healthcare,India,Maharashtra,Mumbai,2023-03-03,2023,Flood,Medium,1.95,-5.76,81.52,52.94,84,Critical,12,1059190.8,283783.9,High,278,12,63768.9
B0872,ENER_0872,Energy,India,West Bengal,Kolkata,2026-03-19,2026,Cyclone,Medium,0.79,-24.67,64.38,60.35,62,High,12,1178870.23,46563.03,Medium,111,12,153947.68
B0873,MANU_0873,Manufacturing,Germany,Bavaria,Munich,2022-06-12,2022,Storm,High,1.47,26.26,73.12,80.59,83,Critical,19,1251503.27,588101.32,High,169,26,171407.05
B0874,TRAN_0874,Transportation,Australia,Victoria,Melbourne,2026-09-13,2026,Wildfire,Critical,2.55,-46.47,89.25,86.37,97,Critical,24,1831481.78,1266270.13,High,121,46,107868.04
B0875,ENER_0875,Energy,India,Maharashtra,Mumbai,2026-04-12,2026,Cyclone,High,2.22,29.61,80.66,90.15,88,Critical,22,1908411.11,1244690.03,High,234,52,308081.05
B0876,HEAL_0876,Healthcare,United States,New York,New York City,2023-04-05,2023,Heatwave,High,2.79,-15.73,55.98,65.05,57,Medium,17,565195.97,425186.43,Medium,215,36,70231.21
B0877,ENER_0877,Energy,Brazil,Rio de Janeiro,Rio de Janeiro,2021-08-09,2021,Storm,Medium,1.26,-5.7,70.28,58.97,62,High,18,1015684.49,342203.93,Medium,124,46,33838.15
B0878,MANU_0878,Manufacturing,United States,Florida,Miami,2022-05-27,2022,Cyclone,High,2.09,18.93,85.08,58.18,78,High,22,1343712.01,648826.47,High,231,43,241171.93
B0879,ENER_0879,Energy,India,West Bengal,Kolkata,2020-02-23,2020,Heatwave,High,2.36,-30.48,86.03,73.36,80,High,22,1333009.99,572419.26,High,137,56,201391.08
B0880,HEAL_0880,Healthcare,Germany,Hamburg,Hamburg,2023-11-04,2023,Flood,Medium,2.48,-3.21,41.83,67.45,41,Medium,15,525866.43,332036.65,Medium,118,42,54211.54
B0881,FINA_0881,Finance,Japan,Tokyo,Tokyo,2020-07-04,2020,Cyclone,Medium,2.19,7.61,80.4,58.39,86,Critical,6,814790.59,221240.95,High,195,22,135674.11
B0882,HEAL_0882,Healthcare,Brazil,São Paulo,São Paulo,2022-08-26,2022,Cyclone,Critical,3.34,37.21,83.08,68.18,70,High,17,1182079.43,876673.53,High,130,32,124758.85
B0883,TRAN_0883,Transportation,India,Tamil Nadu,Chennai,2022-09-26,2022,Storm,High,2.09,15.74,78.19,68.9,72,High,25,1206213.75,620134.64,High,289,52,96530.66
B0884,ENER_0884,Energy,India,Andhra Pradesh,Visakhapatnam,2024-12-02,2024,Drought,Medium,0.94,-14.6,72.96,57.31,57,Medium,19,894424.86,394771.28,Medium,50,48,102291.4
B0885,MANU_0885,Manufacturing,Japan,Tokyo,Tokyo,2023-07-13,2023,Storm,High,2.55,34.89,97.58,66.45,81,Critical,19,1520243.63,1196370.12,High,166,42,154462.03
B0886,FINA_0886,Finance,Australia,New South Wales,Sydney,2022-06-10,2022,Cyclone,Critical,1.66,35.98,97.54,74.08,83,Critical,2,621112.26,235593.71,High,257,2,106936.43
B0887,TECH_0887,Technology,Brazil,Rio de Janeiro,Rio de Janeiro,2026-11-15,2026,Storm,High,2.01,8.43,83.95,65.87,62,High,11,674401.38,239237.2,Medium,229,24,105269.35
B0888,CONS_0888,Construction,Brazil,Rio de Janeiro,Rio de Janeiro,2022-01-07,2022,Wildfire,High,2.56,-47.24,65.48,60.64,64,High,19,977389.56,336782.7,Medium,160,35,162564.7
B0889,RETA_0889,Retail,Brazil,Rio de Janeiro,Rio de Janeiro,2022-09-08,2022,Heatwave,High,2.05,-1.65,73.48,54.38,49,Medium,15,669499.42,460753.07,Medium,239,23,47686.29
B0890,AGRI_0890,Agriculture,Brazil,Bahia,Salvador,2021-04-17,2021,Flood,Medium,1.73,2.02,85.34,72.08,71,High,19,1575097.89,480738.22,High,147,54,153101.5
B0891,FINA_0891,Finance,Japan,Aichi,Nagoya,2024-05-26,2024,Storm,High,2.92,-5.82,76.74,81.08,85,Critical,7,626471.79,115751.77,High,210,17,89571.3
B0892,HEAL_0892,Healthcare,Australia,Queensland,Brisbane,2024-11-14,2024,Cyclone,Medium,2.19,-18.97,52.21,78.8,59,Medium,9,629361.65,288960.03,Medium,218,35,95809.1
B0893,MANU_0893,Manufacturing,Australia,Queensland,Brisbane,2025-06-05,2025,Storm,Critical,1.81,78.54,86.19,84.74,79,High,23,1494346.7,798837.2,High,202,47,79133.93
B0894,TECH_0894,Technology,India,West Bengal,Kolkata,2025-07-13,2025,Cyclone,Medium,1.37,17.09,42.94,76.57,61,High,10,487790.37,287169.2,Medium,259,14,43532.25
B0895,TRAN_0895,Transportation,Brazil,São Paulo,São Paulo,2022-07-17,2022,Cyclone,High,2.6,-44.98,62.7,74.86,69,High,26,1140535.87,839205.83,High,250,53,146372.94
B0896,MANU_0896,Manufacturing,Australia,New South Wales,Sydney,2022-01-08,2022,Drought,High,1.94,-2.17,81.88,66.42,83,Critical,23,1439055.79,1001310.32,High,268,50,126174.03
B0897,HOSP_0897,Hospitality,India,Tamil Nadu,Chennai,2023-06-13,2023,Storm,Medium,1.52,-8.52,76.4,53.65,77,High,14,1061775.79,285609.55,High,182,24,133926.04
B0898,CONS_0898,Construction,United States,Texas,Houston,2022-05-26,2022,Wildfire,High,0.9,-20.13,80.13,78.99,83,Critical,26,1704724.23,1782487.77,High,115,58,253802.87
B0899,MANU_0899,Manufacturing,Australia,New South Wales,Sydney,2020-10-12,2020,Heatwave,Medium,1.11,1.48,66.35,74.87,67,High,14,1095180.54,655474.2,High,126,34,161043.89
B0900,FINA_0900,Finance,Japan,Osaka,Osaka,2025-12-27,2025,Wildfire,High,1.89,12.94,91.6,34.53,67,High,7,428058.6,203401.57,High,132,24,29865.32
B0901,TRAN_0901,Transportation,Brazil,Rio de Janeiro,Rio de Janeiro,2022-06-24,2022,Drought,Low,1.21,2.13,57.32,77.89,69,High,2,1003100.66,477103.82,High,226,2,95866.53
B0902,FINA_0902,Finance,Japan,Aichi,Nagoya,2025-02-23,2025,Storm,Low,1.52,-4.18,68.22,49.93,60,Medium,6,324884.65,135837.64,Medium,218,19,52348.59
B0903,RETA_0903,Retail,Australia,Victoria,Melbourne,2025-10-04,2025,Storm,Low,1.39,-26.11,73.59,34.66,54,Medium,7,753298.31,135464.22,Medium,176,14,105640.74
B0904,MANU_0904,Manufacturing,Brazil,Bahia,Salvador,2022-04-24,2022,Cyclone,Medium,2.15,-0.42,75.71,59.97,57,Medium,16,1028147.22,0.0,Medium,203,41,61951.36
B0905,AGRI_0905,Agriculture,United States,Florida,Miami,2024-08-11,2024,Cyclone,Critical,2.4,44.38,76.87,66.37,73,High,34,1487799.63,405029.57,High,117,74,144971.77
B0906,FINA_0906,Finance,Japan,Tokyo,Tokyo,2021-07-01,2021,Flood,High,2.4,15.21,80.26,78.34,79,High,20,562339.26,178706.56,High,289,34,75268.92
B0907,CONS_0907,Construction,Brazil,Rio de Janeiro,Rio de Janeiro,2022-08-06,2022,Wildfire,High,1.94,7.94,77.35,61.39,67,High,15,1188937.31,791510.07,High,214,35,116034.74
B0908,RETA_0908,Retail,Japan,Tokyo,Tokyo,2025-12-15,2025,Wildfire,High,2.07,-21.72,78.4,77.97,70,High,11,891284.99,381026.94,High,105,15,75515.43
B0909,RETA_0909,Retail,Germany,Bavaria,Munich,2025-08-10,2025,Drought,Critical,2.53,-41.51,75.87,62.7,65,High,19,927903.84,840777.11,Medium,210,44,95021.31
B0910,CONS_0910,Construction,Japan,Aichi,Nagoya,2020-05-21,2020,Cyclone,High,1.11,17.55,92.98,74.29,80,High,21,1302314.66,934343.84,High,199,29,227807.8
B0911,AGRI_0911,Agriculture,Brazil,São Paulo,São Paulo,2026-01-18,2026,Heatwave,Medium,1.93,0.33,56.3,51.63,50,Medium,20,924574.77,199406.89,Medium,166,50,75151.78
B0912,HEAL_0912,Healthcare,India,West Bengal,Kolkata,2020-11-28,2020,Drought,High,2.45,-19.66,100.0,69.84,83,Critical,16,1106246.76,627144.29,High,189,29,108635.62
B0913,CONS_0913,Construction,Japan,Tokyo,Tokyo,2022-07-13,2022,Flood,Critical,3.56,58.74,73.08,75.52,76,High,26,1189385.71,900278.23,High,160,53,113079.81
B0914,TECH_0914,Technology,United States,New York,New York City,2024-01-14,2024,Flood,Critical,1.58,53.72,66.28,79.35,61,High,9,589867.62,266773.25,Medium,136,24,77911.73
B0915,ENER_0915,Energy,Germany,Berlin,Berlin,2024-09-28,2024,Cyclone,Critical,2.67,43.07,83.16,77.73,76,High,23,1446070.76,860551.79,High,287,46,111183.92
B0916,ENER_0916,Energy,United States,New York,New York City,2022-01-10,2022,Wildfire,High,1.71,-13.71,74.03,86.17,82,Critical,21,1132447.96,975278.47,High,227,30,130186.16
B0917,TECH_0917,Technology,Germany,Berlin,Berlin,2025-06-20,2025,Storm,Medium,2.28,38.78,81.01,47.47,66,High,13,619714.92,261175.21,High,152,28,84385.96
B0918,TECH_0918,Technology,India,Maharashtra,Mumbai,2024-10-05,2024,Storm,Low,1.48,-32.62,43.02,31.64,45,Medium,4,325703.88,123046.18,Medium,83,4,46353.04
B0919,ENER_0919,Energy,Japan,Tokyo,Tokyo,2026-07-09,2026,Heatwave,Medium,1.88,-27.79,75.85,79.61,73,High,17,1241989.63,472333.9,High,158,38,98058.16
B0920,MANU_0920,Manufacturing,Australia,Victoria,Melbourne,2020-02-12,2020,Drought,Low,1.52,12.26,55.71,64.97,64,High,8,1052553.98,219077.51,Medium,254,15,138444.31
B0921,HEAL_0921,Healthcare,Australia,Queensland,Brisbane,2025-02-28,2025,Wildfire,Medium,1.82,-62.05,38.71,59.45,50,Medium,10,373546.8,0.0,Medium,86,24,63218.12
B0922,AGRI_0922,Agriculture,Germany,Bavaria,Munich,2026-11-19,2026,Storm,High,1.83,41.51,72.46,82.01,77,High,22,1519033.07,819446.4,High,191,51,185045.1
B0923,ENER_0923,Energy,Australia,Queensland,Brisbane,2026-04-09,2026,Flood,High,1.44,5.77,62.13,77.32,65,High,22,1172563.18,770324.22,Medium,201,41,137696.29
B0924,TECH_0924,Technology,United States,Florida,Miami,2026-04-11,2026,Storm,High,2.41,26.05,66.24,56.91,59,Medium,10,754428.45,372546.21,Medium,197,31,26901.85
B0925,AGRI_0925,Agriculture,United States,Florida,Miami,2025-01-01,2025,Flood,Medium,1.14,-19.37,60.27,45.95,57,Medium,19,1067112.49,388779.55,Medium,165,29,157291.42
B0926,FINA_0926,Finance,Australia,New South Wales,Sydney,2023-03-05,2023,Flood,High,1.81,48.23,76.78,86.28,70,High,13,801556.67,96013.28,High,318,13,36512.18
B0927,HOSP_0927,Hospitality,Brazil,São Paulo,São Paulo,2022-06-13,2022,Wildfire,Medium,1.58,-10.47,58.92,69.68,58,Medium,12,763135.58,235825.1,Medium,242,27,38519.75
B0928,ENER_0928,Energy,Japan,Tokyo,Tokyo,2021-08-15,2021,Drought,Medium,1.45,25.19,47.29,88.03,79,High,13,1457707.72,205310.27,High,278,20,257162.06
B0929,HEAL_0929,Healthcare,Germany,Bavaria,Munich,2026-04-13,2026,Heatwave,Medium,0.5,47.62,62.08,45.1,42,Medium,13,720249.48,250770.66,Medium,43,31,41740.54
B0930,FINA_0930,Finance,Germany,Berlin,Berlin,2023-09-14,2023,Storm,High,1.41,23.95,94.67,74.06,77,High,5,592435.4,507329.86,High,189,10,74863.75
B0931,AGRI_0931,Agriculture,India,Tamil Nadu,Chennai,2021-02-07,2021,Drought,High,1.11,-37.71,67.4,49.54,56,Medium,24,1376955.02,867633.56,Medium,54,41,246505.5
B0932,HEAL_0932,Healthcare,Brazil,Bahia,Salvador,2022-07-19,2022,Heatwave,Medium,3.02,-10.72,53.78,66.05,59,Medium,10,720548.16,459044.41,Medium,72,34,42712.37
B0933,HEAL_0933,Healthcare,Australia,New South Wales,Sydney,2022-02-25,2022,Cyclone,Critical,2.01,50.18,70.33,74.09,71,High,24,854936.46,586994.27,High,73,53,137509.84
B0934,CONS_0934,Construction,Japan,Osaka,Osaka,2020-04-06,2020,Cyclone,High,1.73,23.63,72.07,74.81,70,High,25,1164915.97,722108.61,High,166,42,69757.76
B0935,HOSP_0935,Hospitality,Japan,Tokyo,Tokyo,2022-07-19,2022,Heatwave,Medium,1.54,5.81,77.86,91.04,92,Critical,10,1209376.69,381869.51,High,154,26,195548.41
B0936,TECH_0936,Technology,Germany,Hamburg,Hamburg,2025-01-05,2025,Heatwave,Medium,1.11,-17.32,58.86,66.3,78,High,12,1161343.75,75064.19,High,190,12,82590.3
B0937,HOSP_0937,Hospitality,India,Tamil Nadu,Chennai,2023-10-13,2023,Drought,Medium,1.75,-21.37,67.08,58.3,58,Medium,8,948789.53,195150.43,Medium,106,23,67502.18
B0938,HEAL_0938,Healthcare,Japan,Osaka,Osaka,2026-07-23,2026,Drought,Critical,2.74,-33.64,76.62,71.55,77,High,21,919397.95,872451.17,High,265,43,54011.84
B0939,FINA_0939,Finance,Germany,Bavaria,Munich,2023-06-01,2023,Heatwave,High,1.55,-14.79,86.44,74.38,81,Critical,10,347239.1,80966.84,High,167,18,55405.65
B0940,HOSP_0940,Hospitality,United States,Florida,Miami,2023-01-22,2023,Flood,Medium,2.35,13.99,68.14,76.9,73,High,14,915763.99,544670.24,High,76,18,66360.98
B0941,ENER_0941,Energy,United States,Florida,Miami,2025-07-08,2025,Drought,High,2.06,-33.7,66.0,72.45,64,High,22,1161657.89,347168.5,Medium,95,57,125649.82
B0942,HEAL_0942,Healthcare,India,Andhra Pradesh,Visakhapatnam,2020-07-11,2020,Wildfire,High,2.61,-3.71,69.69,89.84,81,Critical,22,1184310.89,532840.8,High,227,48,76848.79
B0943,TRAN_0943,Transportation,Australia,Victoria,Melbourne,2021-04-28,2021,Cyclone,High,1.27,54.87,64.82,58.15,66,High,17,1191853.55,464088.07,High,261,41,60366.67
B0944,TRAN_0944,Transportation,Japan,Aichi,Nagoya,2025-10-08,2025,Flood,High,2.5,33.36,62.17,49.5,72,High,17,1240187.87,238958.38,High,134,26,65410.09
B0945,TRAN_0945,Transportation,Germany,Bavaria,Munich,2023-07-07,2023,Cyclone,Low,0.85,-17.9,56.42,48.46,59,Medium,13,825840.93,230566.7,Medium,278,21,26073.35
B0946,FINA_0946,Finance,United States,Texas,Houston,2020-10-22,2020,Drought,Low,1.78,24.79,73.9,61.16,73,High,12,961470.59,506331.02,High,153,35,154964.97
B0947,MANU_0947,Manufacturing,United States,Florida,Miami,2022-08-18,2022,Flood,Low,1.53,-13.2,61.17,64.13,52,Medium,13,922828.93,607720.77,Medium,123,29,84034.69
B0948,ENER_0948,Energy,Germany,Bavaria,Munich,2022-12-07,2022,Cyclone,Low,1.67,-4.49,60.06,37.83,42,Medium,6,758547.75,223666.24,Medium,187,6,76227.51
B0949,TRAN_0949,Transportation,Germany,Hamburg,Hamburg,2023-04-06,2023,Cyclone,High,2.14,43.07,86.4,93.05,92,Critical,18,1436936.89,607276.92,High,268,36,183049.72
B0950,RETA_0950,Retail,United States,New York,New York City,2025-04-01,2025,Heatwave,Medium,0.88,2.92,90.29,87.31,94,Critical,12,1210501.25,309039.38,High,326,17,94575.81
B0951,ENER_0951,Energy,Australia,Victoria,Melbourne,2022-02-25,2022,Heatwave,Low,0.89,22.83,55.8,61.89,66,High,12,1167143.64,572271.64,High,115,22,182305.53
B0952,MANU_0952,Manufacturing,India,West Bengal,Kolkata,2025-09-16,2025,Cyclone,Medium,2.75,-29.28,66.36,55.85,58,Medium,12,1006623.53,578363.25,Medium,124,31,101794.33
B0953,ENER_0953,Energy,India,West Bengal,Kolkata,2023-03-15,2023,Storm,Low,2.25,-33.33,67.35,46.14,61,High,14,1391136.16,510527.07,Medium,96,40,106971.21
B0954,CONS_0954,Construction,Australia,Queensland,Brisbane,2023-10-05,2023,Drought,Medium,0.62,21.11,74.91,52.9,61,High,11,971435.67,708637.79,Medium,149,23,160477.71
B0955,TECH_0955,Technology,Brazil,Bahia,Salvador,2023-09-11,2023,Wildfire,High,1.96,-50.22,52.9,70.56,71,High,12,557088.86,179595.75,High,269,20,21357.79
B0956,HEAL_0956,Healthcare,United States,California,Los Angeles,2025-04-24,2025,Storm,Medium,2.39,-17.0,81.79,64.72,75,High,12,837240.8,301784.05,High,259,28,90068.17
B0957,MANU_0957,Manufacturing,Japan,Osaka,Osaka,2020-10-11,2020,Storm,High,1.21,37.31,74.45,83.48,84,Critical,15,1530854.49,740737.71,High,201,35,57232.87
B0958,AGRI_0958,Agriculture,Germany,Hamburg,Hamburg,2020-12-05,2020,Drought,High,2.11,-4.45,73.78,48.35,69,High,23,941293.67,633249.94,High,212,38,145244.09
B0959,HEAL_0959,Healthcare,Brazil,São Paulo,São Paulo,2021-07-13,2021,Wildfire,Low,2.46,10.52,62.52,74.69,71,High,9,1113401.73,678784.99,High,142,38,98603.5
B0960,FINA_0960,Finance,United States,Texas,Houston,2020-02-19,2020,Drought,Medium,1.36,-12.06,54.81,82.87,74,High,17,851876.89,62197.04,High,204,28,33914.88
B0961,ENER_0961,Energy,Germany,Hamburg,Hamburg,2022-04-04,2022,Cyclone,High,1.73,11.01,77.29,85.87,71,High,20,1342978.61,446524.92,High,237,45,200473.85
B0962,TRAN_0962,Transportation,Japan,Aichi,Nagoya,2023-09-02,2023,Drought,Medium,1.34,-17.47,64.0,78.2,73,High,19,1123163.07,113051.5,High,139,42,193192.46
B0963,TECH_0963,Technology,Japan,Tokyo,Tokyo,2026-03-16,2026,Storm,High,1.65,5.64,70.96,72.46,80,High,12,685899.39,43001.14,High,209,25,87498.6
B0964,RETA_0964,Retail,Japan,Osaka,Osaka,2024-09-19,2024,Heatwave,Medium,2.16,8.4,67.99,46.43,61,High,13,881533.56,248473.65,Medium,80,30,131112.26
B0965,HEAL_0965,Healthcare,Brazil,Rio de Janeiro,Rio de Janeiro,2022-01-27,2022,Storm,Medium,1.04,24.52,52.94,57.45,65,High,8,709963.34,214258.74,Medium,172,15,37313.74
B0966,TRAN_0966,Transportation,Germany,Berlin,Berlin,2020-11-18,2020,Heatwave,Medium,0.88,37.28,61.68,81.99,69,High,14,1018526.79,404753.31,High,182,23,133706.4
B0967,AGRI_0967,Agriculture,United States,Texas,Houston,2022-10-16,2022,Cyclone,High,2.16,22.15,73.57,81.56,79,High,26,1517437.88,673841.02,High,258,51,194614.41
B0968,HOSP_0968,Hospitality,India,Tamil Nadu,Chennai,2021-11-02,2021,Heatwave,Medium,1.19,1.98,77.93,73.46,87,Critical,11,942879.4,515498.34,High,141,29,164487.98
B0969,HOSP_0969,Hospitality,India,West Bengal,Kolkata,2025-02-07,2025,Heatwave,Medium,1.87,41.92,64.21,73.36,75,High,6,984636.61,433272.21,High,143,23,68069.59
B0970,RETA_0970,Retail,Germany,Berlin,Berlin,2020-05-04,2020,Cyclone,Medium,1.21,-3.42,72.5,48.26,52,Medium,12,532351.51,318300.25,Medium,139,33,85032.39
B0971,HOSP_0971,Hospitality,Japan,Aichi,Nagoya,2025-12-09,2025,Wildfire,Low,2.21,7.75,75.33,69.86,74,High,6,1106201.41,78930.53,High,265,12,182586.02
B0972,RETA_0972,Retail,Germany,Hamburg,Hamburg,2020-08-03,2020,Drought,Low,1.26,7.94,59.96,62.41,57,Medium,15,638860.48,177774.43,Medium,114,43,76464.25
B0973,TRAN_0973,Transportation,Germany,Hamburg,Hamburg,2022-05-23,2022,Cyclone,High,1.51,18.56,76.0,55.86,56,Medium,17,876825.94,333183.57,Medium,191,27,39589.34
B0974,TRAN_0974,Transportation,Japan,Tokyo,Tokyo,2021-06-20,2021,Storm,High,1.27,10.83,73.16,62.41,58,Medium,20,862063.68,400478.67,Medium,85,53,96522.02
B0975,CONS_0975,Construction,Germany,Bavaria,Munich,2020-06-03,2020,Drought,Critical,2.35,-15.75,62.45,70.88,69,High,21,875081.06,645303.08,High,201,45,114116.25
B0976,TECH_0976,Technology,Australia,Victoria,Melbourne,2025-12-19,2025,Storm,Medium,1.07,-12.81,67.39,73.89,70,High,11,613154.31,290003.25,High,183,30,48475.35
B0977,TECH_0977,Technology,Brazil,Bahia,Salvador,2024-01-07,2024,Heatwave,Critical,2.87,-6.23,100.0,77.67,89,Critical,16,643586.68,280124.65,High,169,37,31265.39
B0978,AGRI_0978,Agriculture,Australia,New South Wales,Sydney,2021-11-16,2021,Heatwave,High,1.7,-39.55,91.03,73.83,72,High,23,1329605.83,805597.15,High,184,50,151044.02
B0979,TRAN_0979,Transportation,Germany,Hamburg,Hamburg,2020-05-10,2020,Heatwave,Low,0.57,12.52,78.12,42.48,63,High,22,1085027.01,501302.23,Medium,93,54,139978.36
B0980,TECH_0980,Technology,India,Maharashtra,Mumbai,2023-06-15,2023,Drought,Low,1.7,-6.76,62.17,53.36,51,Medium,7,474748.24,202878.61,Medium,198,18,41413.18
B0981,RETA_0981,Retail,Australia,New South Wales,Sydney,2026-08-24,2026,Drought,Critical,2.39,-8.89,92.59,87.57,87,Critical,18,1073982.05,358361.48,High,276,49,138569.49
B0982,HOSP_0982,Hospitality,United States,Florida,Miami,2020-10-27,2020,Heatwave,Low,1.13,-1.76,56.73,45.16,35,Medium,12,702055.21,265050.81,Low,140,22,113835.51
B0983,RETA_0983,Retail,United States,Florida,Miami,2024-03-16,2024,Flood,Low,2.16,-29.73,57.1,54.97,54,Medium,6,810675.61,536059.42,Medium,190,17,95651.36
B0984,RETA_0984,Retail,Australia,Victoria,Melbourne,2020-04-04,2020,Flood,High,2.22,-1.51,43.31,84.19,68,High,9,910422.39,506305.26,High,234,26,68725.62
B0985,ENER_0985,Energy,Australia,New South Wales,Sydney,2022-12-14,2022,Flood,Medium,2.37,31.39,58.16,58.8,61,High,15,1286306.97,766403.13,Medium,102,36,110896.63
B0986,RETA_0986,Retail,Australia,Victoria,Melbourne,2021-02-16,2021,Cyclone,High,2.37,31.53,60.53,68.05,70,High,21,901696.76,422666.97,High,149,39,95938.27
B0987,RETA_0987,Retail,Australia,Queensland,Brisbane,2020-02-26,2020,Storm,Critical,2.07,35.34,81.81,68.25,75,High,21,806826.66,658368.28,High,196,50,121335.6
B0988,TECH_0988,Technology,Brazil,Bahia,Salvador,2023-12-21,2023,Cyclone,Medium,1.11,22.07,57.34,70.07,64,High,12,560905.88,200158.38,Medium,39,25,97808.25
B0989,HEAL_0989,Healthcare,Japan,Tokyo,Tokyo,2023-12-15,2023,Storm,High,2.01,26.32,93.23,85.21,87,Critical,9,1035721.05,796781.93,High,233,20,79001.86
B0990,CONS_0990,Construction,Japan,Osaka,Osaka,2020-04-13,2020,Heatwave,Medium,1.71,-7.89,49.06,84.79,55,Medium,12,903801.28,145090.99,Medium,174,33,99367.48
B0991,FINA_0991,Finance,Japan,Tokyo,Tokyo,2024-08-22,2024,Drought,Medium,1.25,0.67,62.25,82.6,61,High,9,318239.98,79581.08,Medium,181,19,20960.25
B0992,TRAN_0992,Transportation,India,West Bengal,Kolkata,2021-07-05,2021,Storm,Medium,1.8,0.56,64.52,65.88,67,High,22,952170.83,576239.6,High,246,44,86674.75
B0993,TRAN_0993,Transportation,United States,Texas,Houston,2024-07-19,2024,Wildfire,Low,1.97,-1.61,54.98,60.84,59,Medium,11,1010570.4,349268.18,Medium,200,25,88960.78
B0994,MANU_0994,Manufacturing,Australia,Queensland,Brisbane,2022-05-01,2022,Cyclone,Medium,2.62,-15.9,74.5,61.88,67,High,17,1062035.32,198186.22,High,172,45,37264.92
B0995,TRAN_0995,Transportation,Australia,New South Wales,Sydney,2026-09-15,2026,Heatwave,High,1.13,1.72,65.99,62.22,61,High,19,983328.71,690141.91,Medium,97,35,150669.22
B0996,MANU_0996,Manufacturing,Germany,Hamburg,Hamburg,2024-03-05,2024,Storm,Medium,1.95,4.86,74.82,51.39,59,Medium,6,978586.85,507024.18,Medium,186,24,70573.85
B0997,HOSP_0997,Hospitality,Brazil,Bahia,Salvador,2021-12-19,2021,Heatwave,Medium,0.6,-10.72,73.25,53.39,60,Medium,14,925761.9,379430.75,Medium,85,29,157653.62
B0998,HEAL_0998,Healthcare,India,West Bengal,Kolkata,2025-12-03,2025,Heatwave,Medium,2.64,-18.24,82.57,75.17,70,High,11,895851.71,445493.42,High,107,33,40310.35
B0999,MANU_0999,Manufacturing,India,West Bengal,Kolkata,2020-11-13,2020,Cyclone,High,2.25,22.38,56.62,70.23,57,Medium,24,1015610.06,285416.26,Medium,298,41,56450.3
B1000,ENER_1000,Energy,India,Tamil Nadu,Chennai,2025-10-10,2025,Storm,High,2.32,12.98,67.12,43.02,45,Medium,26,842387.76,588042.76,Medium,86,50,113033.39
